typeCode,freqCode,refPeriodId,refYear,refMonth,period,reporterCode,reporterISO,reporterDesc,flowCode,flowDesc,partnerCode,partnerISO,partnerDesc,partner2Code,partner2ISO,partner2Desc,classificationCode,classificationSearchCode,isOriginalClassification,cmdCode,cmdDesc,aggrLevel,isLeaf,customsCode,customsDesc,mosCode,motCode,motDesc,qtyUnitCode,qtyUnitAbbr,qty,isQtyEstimated,altQtyUnitCode,altQtyUnitAbbr,altQty,isAltQtyEstimated,netWgt,isNetWgtEstimated,grossWgt,isGrossWgtEstimated,cifvalue,fobvalue,primaryValue,legacyEstimationFlag,isReported,isAggregate
"C","A","20180101","2018","52","2018","32","ARG","Argentina","X","Export","36","AUS","Australia","0","W00","World","H5","HS","true","TOTAL","All Commodities","0","false","C00","TOTAL CPC","0","0","TOTAL MOT","-1","N/A","0","false","-1","N/A","0","false","0","false","0","false",,"621445784.47","621445784.47","0","false","true",
"C","A","20180101","2018","52","2018","32","ARG","Argentina","X","Export","76","BRA","Brazil","0","W00","World","H5","HS","true","TOTAL","All Commodities","0","false","C00","TOTAL CPC","0","0","TOTAL MOT","-1","N/A","0","false","-1","N/A","0","false","0","false","0","false",,"11291357444.39","11291357444.39","0","false","true",
"C","A","20180101","2018","52","2018","32","ARG","Argentina","X","Export","124","CAN","Canada","0","W00","World","H5","HS","true","TOTAL","All Commodities","0","false","C00","TOTAL CPC","0","0","TOTAL MOT","-1","N/A","0","false","-1","N/A","0","false","0","false","0","false",,"1293941486.08","1293941486.08","0","false","true",
"C","A","20180101","2018","52","2018","32","ARG","Argentina","X","Export","156","CHN","China","0","W00","World","H5","HS","true","TOTAL","All Commodities","0","false","C00","TOTAL CPC","0","0","TOTAL MOT","-1","N/A","0","false","-1","N/A","0","false","0","false","0","false",,"4210929514.56","4210929514.56","0","false","true",
"C","A","20180101","2018","52","2018","32","ARG","Argentina","X","Export","251","FRA","France","0","W00","World","H5","HS","true","TOTAL","All Commodities","0","false","C00","TOTAL CPC","0","0","TOTAL MOT","-1","N/A","0","false","-1","N/A","0","false","0","false","0","false",,"405367944.13","405367944.13","0","false","true",
"C","A","20180101","2018","52","2018","32","ARG","Argentina","X","Export","276","DEU","Germany","0","W00","World","H5","HS","true","TOTAL","All Commodities","0","false","C00","TOTAL CPC","0","0","TOTAL MOT","-1","N/A","0","false","-1","N/A","0","false","0","false","0","false",,"1051588360.6","1051588360.6","0","false","true",
"C","A","20180101","2018","52","2018","32","ARG","Argentina","X","Export","360","IDN","Indonesia","0","W00","World","H5","HS","true","TOTAL","All Commodities","0","false","C00","TOTAL CPC","0","0","TOTAL MOT","-1","N/A","0","false","-1","N/A","0","false","0","false","0","false",,"1282595299.28","1282595299.28","0","false","true",
"C","A","20180101","2018","52","2018","32","ARG","Argentina","X","Export","380","ITA","Italy","0","W00","World","H5","HS","true","TOTAL","All Commodities","0","false","C00","TOTAL CPC","0","0","TOTAL MOT","-1","N/A","0","false","-1","N/A","0","false","0","false","0","false",,"1083655303.18","1083655303.18","0","false","true",
"C","A","20180101","2018","52","2018","32","ARG","Argentina","X","Export","392","JPN","Japan","0","W00","World","H5","HS","true","TOTAL","All Commodities","0","false","C00","TOTAL CPC","0","0","TOTAL MOT","-1","N/A","0","false","-1","N/A","0","false","0","false","0","false",,"484298811.89","484298811.89","0","false","true",
"C","A","20180101","2018","52","2018","32","ARG","Argentina","X","Export","410","KOR","Rep. of Korea","0","W00","World","H5","HS","true","TOTAL","All Commodities","0","false","C00","TOTAL CPC","0","0","TOTAL MOT","-1","N/A","0","false","-1","N/A","0","false","0","false","0","false",,"291531321.92","291531321.92","0","false","true",
"C","A","20180101","2018","52","2018","32","ARG","Argentina","X","Export","484","MEX","Mexico","0","W00","World","H5","HS","true","TOTAL","All Commodities","0","false","C00","TOTAL CPC","0","0","TOTAL MOT","-1","N/A","0","false","-1","N/A","0","false","0","false","0","false",,"734649732.42","734649732.42","0","false","true",
"C","A","20180101","2018","52","2018","32","ARG","Argentina","X","Export","643","RUS","Russian Federation","0","W00","World","H5","HS","true","TOTAL","All Commodities","0","false","C00","TOTAL CPC","0","0","TOTAL MOT","-1","N/A","0","false","-1","N/A","0","false","0","false","0","false",,"753983658.76","753983658.76","0","false","true",
"C","A","20180101","2018","52","2018","32","ARG","Argentina","X","Export","682","SAU","Saudi Arabia","0","W00","World","H5","HS","true","TOTAL","All Commodities","0","false","C00","TOTAL CPC","0","0","TOTAL MOT","-1","N/A","0","false","-1","N/A","0","false","0","false","0","false",,"931899341.05","931899341.05","0","false","true",
"C","A","20180101","2018","52","2018","32","ARG","Argentina","X","Export","699","IND","India","0","W00","World","H5","HS","true","TOTAL","All Commodities","0","false","C00","TOTAL CPC","0","0","TOTAL MOT","-1","N/A","0","false","-1","N/A","0","false","0","false","0","false",,"1600405104.2","1600405104.2","0","false","true",
"C","A","20180101","2018","52","2018","32","ARG","Argentina","X","Export","710","ZAF","South Africa","0","W00","World","H5","HS","true","TOTAL","All Commodities","0","false","C00","TOTAL CPC","0","0","TOTAL MOT","-1","N/A","0","false","-1","N/A","0","false","0","false","0","false",,"516166094.41","516166094.41","0","false","true",
"C","A","20180101","2018","52","2018","32","ARG","Argentina","X","Export","792","TUR","Türkiye","0","W00","World","H5","HS","true","TOTAL","All Commodities","0","false","C00","TOTAL CPC","0","0","TOTAL MOT","-1","N/A","0","false","-1","N/A","0","false","0","false","0","false",,"454254608.56","454254608.56","0","false","true",
"C","A","20180101","2018","52","2018","32","ARG","Argentina","X","Export","826","GBR","United Kingdom","0","W00","World","H5","HS","true","TOTAL","All Commodities","0","false","C00","TOTAL CPC","0","0","TOTAL MOT","-1","N/A","0","false","-1","N/A","0","false","0","false","0","false",,"829716929.21","829716929.21","0","false","true",
"C","A","20180101","2018","52","2018","32","ARG","Argentina","X","Export","842","USA","USA","0","W00","World","H5","HS","true","TOTAL","All Commodities","0","false","C00","TOTAL CPC","0","0","TOTAL MOT","-1","N/A","0","false","-1","N/A","0","false","0","false","0","false",,"4277904697.25","4277904697.25","0","false","true",
"C","A","20180101","2018","52","2018","36","AUS","Australia","X","Export","32","ARG","Argentina","0","W00","World","H5","HS","true","TOTAL","All Commodities","0","false","C00","TOTAL CPC","0","0","TOTAL MOT","-1","N/A","0","false","-1","N/A","0","false","0","true","0","false",,"95638821.655","95638821.655","4","false","true",
"C","A","20180101","2018","52","2018","36","AUS","Australia","X","Export","76","BRA","Brazil","0","W00","World","H5","HS","true","TOTAL","All Commodities","0","false","C00","TOTAL CPC","0","0","TOTAL MOT","-1","N/A","0","false","-1","N/A","0","false","0","true","0","false",,"1040678539.26","1040678539.26","4","false","true",
"C","A","20180101","2018","52","2018","36","AUS","Australia","X","Export","124","CAN","Canada","0","W00","World","H5","HS","true","TOTAL","All Commodities","0","false","C00","TOTAL CPC","0","0","TOTAL MOT","-1","N/A","0","false","-1","N/A","0","false","0","true","0","false",,"815468345.641","815468345.641","4","false","true",
"C","A","20180101","2018","52","2018","36","AUS","Australia","X","Export","156","CHN","China","0","W00","World","H5","HS","true","TOTAL","All Commodities","0","false","C00","TOTAL CPC","0","0","TOTAL MOT","-1","N/A","0","false","-1","N/A","0","false","0","true","0","false",,"74742943916.638","74742943916.638","4","false","true",
"C","A","20180101","2018","52","2018","36","AUS","Australia","X","Export","251","FRA","France","0","W00","World","H5","HS","true","TOTAL","All Commodities","0","false","C00","TOTAL CPC","0","0","TOTAL MOT","-1","N/A","0","false","-1","N/A","0","false","0","true","0","false",,"988826176.435","988826176.435","4","false","true",
"C","A","20180101","2018","52","2018","36","AUS","Australia","X","Export","276","DEU","Germany","0","W00","World","H5","HS","true","TOTAL","All Commodities","0","false","C00","TOTAL CPC","0","0","TOTAL MOT","-1","N/A","0","false","-1","N/A","0","false","0","true","0","false",,"1640701251.39","1640701251.39","4","false","true",
"C","A","20180101","2018","52","2018","36","AUS","Australia","X","Export","360","IDN","Indonesia","0","W00","World","H5","HS","true","TOTAL","All Commodities","0","false","C00","TOTAL CPC","0","0","TOTAL MOT","-1","N/A","0","false","-1","N/A","0","false","0","true","0","false",,"4375048966.307","4375048966.307","4","false","true",
"C","A","20180101","2018","52","2018","36","AUS","Australia","X","Export","380","ITA","Italy","0","W00","World","H5","HS","true","TOTAL","All Commodities","0","false","C00","TOTAL CPC","0","0","TOTAL MOT","-1","N/A","0","false","-1","N/A","0","false","0","true","0","false",,"619978396.762","619978396.762","4","false","true",
"C","A","20180101","2018","52","2018","36","AUS","Australia","X","Export","392","JPN","Japan","0","W00","World","H5","HS","true","TOTAL","All Commodities","0","false","C00","TOTAL CPC","0","0","TOTAL MOT","-1","N/A","0","false","-1","N/A","0","false","0","true","0","false",,"26582378937.113","26582378937.113","4","false","true",
"C","A","20180101","2018","52","2018","36","AUS","Australia","X","Export","410","KOR","Rep. of Korea","0","W00","World","H5","HS","true","TOTAL","All Commodities","0","false","C00","TOTAL CPC","0","0","TOTAL MOT","-1","N/A","0","false","-1","N/A","0","false","0","true","0","false",,"13963974612.404","13963974612.404","4","false","true",
"C","A","20180101","2018","52","2018","36","AUS","Australia","X","Export","484","MEX","Mexico","0","W00","World","H5","HS","true","TOTAL","All Commodities","0","false","C00","TOTAL CPC","0","0","TOTAL MOT","-1","N/A","0","false","-1","N/A","0","false","0","true","0","false",,"140961662.221","140961662.221","4","false","true",
"C","A","20180101","2018","52","2018","36","AUS","Australia","X","Export","643","RUS","Russian Federation","0","W00","World","H5","HS","true","TOTAL","All Commodities","0","false","C00","TOTAL CPC","0","0","TOTAL MOT","-1","N/A","0","false","-1","N/A","0","false","0","true","0","false",,"151472338.533","151472338.533","4","false","true",
"C","A","20180101","2018","52","2018","36","AUS","Australia","X","Export","682","SAU","Saudi Arabia","0","W00","World","H5","HS","true","TOTAL","All Commodities","0","false","C00","TOTAL CPC","0","0","TOTAL MOT","-1","N/A","0","false","-1","N/A","0","false","0","true","0","false",,"481218950.036","481218950.036","4","false","true",
"C","A","20180101","2018","52","2018","36","AUS","Australia","X","Export","699","IND","India","0","W00","World","H5","HS","true","TOTAL","All Commodities","0","false","C00","TOTAL CPC","0","0","TOTAL MOT","-1","N/A","0","false","-1","N/A","0","false","0","true","0","false",,"11056400680.111","11056400680.111","4","false","true",
"C","A","20180101","2018","52","2018","36","AUS","Australia","X","Export","710","ZAF","South Africa","0","W00","World","H5","HS","true","TOTAL","All Commodities","0","false","C00","TOTAL CPC","0","0","TOTAL MOT","-1","N/A","0","false","-1","N/A","0","false","0","true","0","false",,"1242098804.097","1242098804.097","4","false","true",
"C","A","20180101","2018","52","2018","36","AUS","Australia","X","Export","792","TUR","Türkiye","0","W00","World","H5","HS","true","TOTAL","All Commodities","0","false","C00","TOTAL CPC","0","0","TOTAL MOT","-1","N/A","0","false","-1","N/A","0","false","0","true","0","false",,"329750767.174","329750767.174","4","false","true",
"C","A","20180101","2018","52","2018","36","AUS","Australia","X","Export","826","GBR","United Kingdom","0","W00","World","H5","HS","true","TOTAL","All Commodities","0","false","C00","TOTAL CPC","0","0","TOTAL MOT","-1","N/A","0","false","-1","N/A","0","false","0","true","0","false",,"3544553092.092","3544553092.092","4","false","true",
"C","A","20180101","2018","52","2018","36","AUS","Australia","X","Export","842","USA","USA","0","W00","World","H5","HS","true","TOTAL","All Commodities","0","false","C00","TOTAL CPC","0","0","TOTAL MOT","-1","N/A","0","false","-1","N/A","0","false","0","true","0","false",,"9067761920.046","9067761920.046","4","false","true",
"C","A","20180101","2018","52","2018","76","BRA","Brazil","X","Export","32","ARG","Argentina","0","W00","World","H5","HS","true","TOTAL","All Commodities","0","false","C00","TOTAL CPC","0","0","TOTAL MOT","-1","N/A","0","false","-1","N/A","0","false","0","true","0","false",,"14912622709","14912622709","4","false","true",
"C","A","20180101","2018","52","2018","76","BRA","Brazil","X","Export","36","AUS","Australia","0","W00","World","H5","HS","true","TOTAL","All Commodities","0","false","C00","TOTAL CPC","0","0","TOTAL MOT","-1","N/A","0","false","-1","N/A","0","false","0","true","0","false",,"469972056","469972056","4","false","true",
"C","A","20180101","2018","52","2018","76","BRA","Brazil","X","Export","124","CAN","Canada","0","W00","World","H5","HS","true","TOTAL","All Commodities","0","false","C00","TOTAL CPC","0","0","TOTAL MOT","-1","N/A","0","false","-1","N/A","0","false","0","true","0","false",,"3353111436","3353111436","4","false","true",
"C","A","20180101","2018","52","2018","76","BRA","Brazil","X","Export","156","CHN","China","0","W00","World","H5","HS","true","TOTAL","All Commodities","0","false","C00","TOTAL CPC","0","0","TOTAL MOT","-1","N/A","0","false","-1","N/A","0","false","0","true","0","false",,"63929563241","63929563241","4","false","true",
"C","A","20180101","2018","52","2018","76","BRA","Brazil","X","Export","251","FRA","France","0","W00","World","H5","HS","true","TOTAL","All Commodities","0","false","C00","TOTAL CPC","0","0","TOTAL MOT","-1","N/A","0","false","-1","N/A","0","false","0","true","0","false",,"2649661264","2649661264","4","false","true",
"C","A","20180101","2018","52","2018","76","BRA","Brazil","X","Export","276","DEU","Germany","0","W00","World","H5","HS","true","TOTAL","All Commodities","0","false","C00","TOTAL CPC","0","0","TOTAL MOT","-1","N/A","0","false","-1","N/A","0","false","0","true","0","false",,"5206384657","5206384657","4","false","true",
"C","A","20180101","2018","52","2018","76","BRA","Brazil","X","Export","360","IDN","Indonesia","0","W00","World","H5","HS","true","TOTAL","All Commodities","0","false","C00","TOTAL CPC","0","0","TOTAL MOT","-1","N/A","0","false","-1","N/A","0","false","0","true","0","false",,"1484502292","1484502292","4","false","true",
"C","A","20180101","2018","52","2018","76","BRA","Brazil","X","Export","380","ITA","Italy","0","W00","World","H5","HS","true","TOTAL","All Commodities","0","false","C00","TOTAL CPC","0","0","TOTAL MOT","-1","N/A","0","false","-1","N/A","0","false","0","true","0","false",,"3554477181","3554477181","4","false","true",
"C","A","20180101","2018","52","2018","76","BRA","Brazil","X","Export","392","JPN","Japan","0","W00","World","H5","HS","true","TOTAL","All Commodities","0","false","C00","TOTAL CPC","0","0","TOTAL MOT","-1","N/A","0","false","-1","N/A","0","false","0","true","0","false",,"4321411289","4321411289","4","false","true",
"C","A","20180101","2018","52","2018","76","BRA","Brazil","X","Export","410","KOR","Rep. of Korea","0","W00","World","H5","HS","true","TOTAL","All Commodities","0","false","C00","TOTAL CPC","0","0","TOTAL MOT","-1","N/A","0","false","-1","N/A","0","false","0","true","0","false",,"3439019735","3439019735","4","false","true",
"C","A","20180101","2018","52","2018","76","BRA","Brazil","X","Export","484","MEX","Mexico","0","W00","World","H5","HS","true","TOTAL","All Commodities","0","false","C00","TOTAL CPC","0","0","TOTAL MOT","-1","N/A","0","false","-1","N/A","0","false","0","true","0","false",,"4504798201","4504798201","4","false","true",
"C","A","20180101","2018","52","2018","76","BRA","Brazil","X","Export","643","RUS","Russian Federation","0","W00","World","H5","HS","true","TOTAL","All Commodities","0","false","C00","TOTAL CPC","0","0","TOTAL MOT","-1","N/A","0","false","-1","N/A","0","false","0","true","0","false",,"1654847021","1654847021","4","false","true",
"C","A","20180101","2018","52","2018","76","BRA","Brazil","X","Export","682","SAU","Saudi Arabia","0","W00","World","H5","HS","true","TOTAL","All Commodities","0","false","C00","TOTAL CPC","0","0","TOTAL MOT","-1","N/A","0","false","-1","N/A","0","false","0","true","0","false",,"2100132300","2100132300","4","false","true",
"C","A","20180101","2018","52","2018","76","BRA","Brazil","X","Export","699","IND","India","0","W00","World","H5","HS","true","TOTAL","All Commodities","0","false","C00","TOTAL CPC","0","0","TOTAL MOT","-1","N/A","0","false","-1","N/A","0","false","0","true","0","false",,"3908941505","3908941505","4","false","true",
"C","A","20180101","2018","52","2018","76","BRA","Brazil","X","Export","710","ZAF","South Africa","0","W00","World","H5","HS","true","TOTAL","All Commodities","0","false","C00","TOTAL CPC","0","0","TOTAL MOT","-1","N/A","0","false","-1","N/A","0","false","0","true","0","false",,"1362466344","1362466344","4","false","true",
"C","A","20180101","2018","52","2018","76","BRA","Brazil","X","Export","792","TUR","Türkiye","0","W00","World","H5","HS","true","TOTAL","All Commodities","0","false","C00","TOTAL CPC","0","0","TOTAL MOT","-1","N/A","0","false","-1","N/A","0","false","0","true","0","false",,"2369855788","2369855788","4","false","true",
"C","A","20180101","2018","52","2018","76","BRA","Brazil","X","Export","826","GBR","United Kingdom","0","W00","World","H5","HS","true","TOTAL","All Commodities","0","false","C00","TOTAL CPC","0","0","TOTAL MOT","-1","N/A","0","false","-1","N/A","0","false","0","true","0","false",,"3009410100","3009410100","4","false","true",
"C","A","20180101","2018","52","2018","76","BRA","Brazil","X","Export","842","USA","USA","0","W00","World","H5","HS","true","TOTAL","All Commodities","0","false","C00","TOTAL CPC","0","0","TOTAL MOT","-1","N/A","0","false","-1","N/A","0","false","0","true","0","false",,"29093175404","29093175404","4","false","true",
"C","A","20180101","2018","52","2018","124","CAN","Canada","X","Export","32","ARG","Argentina","0","W00","World","H5","HS","true","TOTAL","All Commodities","0","false","C00","TOTAL CPC","0","0","TOTAL MOT","-1","N/A","0","false","-1","N/A","0","false","0","true","0","false","0","253220454.687","253220454.687","4","false","true",
"C","A","20180101","2018","52","2018","124","CAN","Canada","X","Export","36","AUS","Australia","0","W00","World","H5","HS","true","TOTAL","All Commodities","0","false","C00","TOTAL CPC","0","0","TOTAL MOT","-1","N/A","0","false","-1","N/A","0","false","0","true","0","false","0","1582579695.29","1582579695.29","4","false","true",
"C","A","20180101","2018","52","2018","124","CAN","Canada","X","Export","76","BRA","Brazil","0","W00","World","H5","HS","true","TOTAL","All Commodities","0","false","C00","TOTAL CPC","0","0","TOTAL MOT","-1","N/A","0","false","-1","N/A","0","false","0","true","0","false","0","1694558025.864","1694558025.864","4","false","true",
"C","A","20180101","2018","52","2018","124","CAN","Canada","X","Export","156","CHN","China","0","W00","World","H5","HS","true","TOTAL","All Commodities","0","false","C00","TOTAL CPC","0","0","TOTAL MOT","-1","N/A","0","false","-1","N/A","0","false","0","true","0","false","0","21376652732.411","21376652732.411","4","false","true",
"C","A","20180101","2018","52","2018","124","CAN","Canada","X","Export","251","FRA","France","0","W00","World","H5","HS","true","TOTAL","All Commodities","0","false","C00","TOTAL CPC","0","0","TOTAL MOT","-1","N/A","0","false","-1","N/A","0","false","0","true","0","false","0","2657129668.072","2657129668.072","4","false","true",
"C","A","20180101","2018","52","2018","124","CAN","Canada","X","Export","276","DEU","Germany","0","W00","World","H5","HS","true","TOTAL","All Commodities","0","false","C00","TOTAL CPC","0","0","TOTAL MOT","-1","N/A","0","false","-1","N/A","0","false","0","true","0","false","0","3627919904.98","3627919904.98","4","false","true",
"C","A","20180101","2018","52","2018","124","CAN","Canada","X","Export","360","IDN","Indonesia","0","W00","World","H5","HS","true","TOTAL","All Commodities","0","false","C00","TOTAL CPC","0","0","TOTAL MOT","-1","N/A","0","false","-1","N/A","0","false","0","true","0","false","0","1657499858.244","1657499858.244","4","false","true",
"C","A","20180101","2018","52","2018","124","CAN","Canada","X","Export","380","ITA","Italy","0","W00","World","H5","HS","true","TOTAL","All Commodities","0","false","C00","TOTAL CPC","0","0","TOTAL MOT","-1","N/A","0","false","-1","N/A","0","false","0","true","0","false","0","2400868991.735","2400868991.735","4","false","true",
"C","A","20180101","2018","52","2018","124","CAN","Canada","X","Export","392","JPN","Japan","0","W00","World","H5","HS","true","TOTAL","All Commodities","0","false","C00","TOTAL CPC","0","0","TOTAL MOT","-1","N/A","0","false","-1","N/A","0","false","0","true","0","false","0","10000690436.073","10000690436.073","4","false","true",
"C","A","20180101","2018","52","2018","124","CAN","Canada","X","Export","410","KOR","Rep. of Korea","0","W00","World","H5","HS","true","TOTAL","All Commodities","0","false","C00","TOTAL CPC","0","0","TOTAL MOT","-1","N/A","0","false","-1","N/A","0","false","0","true","0","false","0","4527049071.161","4527049071.161","4","false","true",
"C","A","20180101","2018","52","2018","124","CAN","Canada","X","Export","484","MEX","Mexico","0","W00","World","H5","HS","true","TOTAL","All Commodities","0","false","C00","TOTAL CPC","0","0","TOTAL MOT","-1","N/A","0","false","-1","N/A","0","false","0","true","0","false","0","6343708263.402","6343708263.402","4","false","true",
"C","A","20180101","2018","52","2018","124","CAN","Canada","X","Export","643","RUS","Russian Federation","0","W00","World","H5","HS","true","TOTAL","All Commodities","0","false","C00","TOTAL CPC","0","0","TOTAL MOT","-1","N/A","0","false","-1","N/A","0","false","0","true","0","false","0","440315260.377","440315260.377","4","false","true",
"C","A","20180101","2018","52","2018","124","CAN","Canada","X","Export","682","SAU","Saudi Arabia","0","W00","World","H5","HS","true","TOTAL","All Commodities","0","false","C00","TOTAL CPC","0","0","TOTAL MOT","-1","N/A","0","false","-1","N/A","0","false","0","true","0","false","0","1455059587.587","1455059587.587","4","false","true",
"C","A","20180101","2018","52","2018","124","CAN","Canada","X","Export","699","IND","India","0","W00","World","H5","HS","true","TOTAL","All Commodities","0","false","C00","TOTAL CPC","0","0","TOTAL MOT","-1","N/A","0","false","-1","N/A","0","false","0","true","0","false","0","3314901588.968","3314901588.968","4","false","true",
"C","A","20180101","2018","52","2018","124","CAN","Canada","X","Export","710","ZAF","South Africa","0","W00","World","H5","HS","true","TOTAL","All Commodities","0","false","C00","TOTAL CPC","0","0","TOTAL MOT","-1","N/A","0","false","-1","N/A","0","false","0","true","0","false","0","317065658.196","317065658.196","4","false","true",
"C","A","20180101","2018","52","2018","124","CAN","Canada","X","Export","792","TUR","Türkiye","0","W00","World","H5","HS","true","TOTAL","All Commodities","0","false","C00","TOTAL CPC","0","0","TOTAL MOT","-1","N/A","0","false","-1","N/A","0","false","0","true","0","false","0","1026166950.084","1026166950.084","4","false","true",
"C","A","20180101","2018","52","2018","124","CAN","Canada","X","Export","826","GBR","United Kingdom","0","W00","World","H5","HS","true","TOTAL","All Commodities","0","false","C00","TOTAL CPC","0","0","TOTAL MOT","-1","N/A","0","false","-1","N/A","0","false","0","true","0","false","0","12817197096.774","12817197096.774","4","false","true",
"C","A","20180101","2018","52","2018","124","CAN","Canada","X","Export","842","USA","USA","0","W00","World","H5","HS","true","TOTAL","All Commodities","0","false","C00","TOTAL CPC","0","0","TOTAL MOT","-1","N/A","0","false","-1","N/A","0","false","0","true","0","false","0","337466428749.683","337466428749.683","4","false","true",
"C","A","20180101","2018","52","2018","156","CHN","China","X","Export","32","ARG","Argentina","0","W00","World","H5","HS","true","TOTAL","All Commodities","0","false","C00","TOTAL CPC","0","0","TOTAL MOT","-1","N/A","0","false","-1","N/A","0","false","0","true","0","false","0","8418070603","8418070603","4","false","true",
"C","A","20180101","2018","52","2018","156","CHN","China","X","Export","36","AUS","Australia","0","W00","World","H5","HS","true","TOTAL","All Commodities","0","false","C00","TOTAL CPC","0","0","TOTAL MOT","-1","N/A","0","false","-1","N/A","0","false","0","true","0","false","0","47330059327","47330059327","4","false","true",
"C","A","20180101","2018","52","2018","156","CHN","China","X","Export","76","BRA","Brazil","0","W00","World","H5","HS","true","TOTAL","All Commodities","0","false","C00","TOTAL CPC","0","0","TOTAL MOT","-1","N/A","0","false","-1","N/A","0","false","0","true","0","false","0","33665139187","33665139187","4","false","true",
"C","A","20180101","2018","52","2018","156","CHN","China","X","Export","124","CAN","Canada","0","W00","World","H5","HS","true","TOTAL","All Commodities","0","false","C00","TOTAL CPC","0","0","TOTAL MOT","-1","N/A","0","false","-1","N/A","0","false","0","true","0","false","0","35153242971","35153242971","4","false","true",
"C","A","20180101","2018","52","2018","156","CHN","China","X","Export","251","FRA","France","0","W00","World","H5","HS","true","TOTAL","All Commodities","0","false","C00","TOTAL CPC","0","0","TOTAL MOT","-1","N/A","0","false","-1","N/A","0","false","0","true","0","false","0","31085267736","31085267736","4","false","true",
"C","A","20180101","2018","52","2018","156","CHN","China","X","Export","276","DEU","Germany","0","W00","World","H5","HS","true","TOTAL","All Commodities","0","false","C00","TOTAL CPC","0","0","TOTAL MOT","-1","N/A","0","false","-1","N/A","0","false","0","true","0","false","0","77489342157","77489342157","4","false","true",
"C","A","20180101","2018","52","2018","156","CHN","China","X","Export","360","IDN","Indonesia","0","W00","World","H5","HS","true","TOTAL","All Commodities","0","false","C00","TOTAL CPC","0","0","TOTAL MOT","-1","N/A","0","false","-1","N/A","0","false","0","true","0","false","0","43191405110","43191405110","4","false","true",
"C","A","20180101","2018","52","2018","156","CHN","China","X","Export","380","ITA","Italy","0","W00","World","H5","HS","true","TOTAL","All Commodities","0","false","C00","TOTAL CPC","0","0","TOTAL MOT","-1","N/A","0","false","-1","N/A","0","false","0","true","0","false","0","33171610391","33171610391","4","false","true",
"C","A","20180101","2018","52","2018","156","CHN","China","X","Export","392","JPN","Japan","0","W00","World","H5","HS","true","TOTAL","All Commodities","0","false","C00","TOTAL CPC","0","0","TOTAL MOT","-1","N/A","0","false","-1","N/A","0","false","0","true","0","false","0","147048752770","147048752770","4","false","true",
"C","A","20180101","2018","52","2018","156","CHN","China","X","Export","410","KOR","Rep. of Korea","0","W00","World","H5","HS","true","TOTAL","All Commodities","0","false","C00","TOTAL CPC","0","0","TOTAL MOT","-1","N/A","0","false","-1","N/A","0","false","0","true","0","false","0","108756144034","108756144034","4","false","true",
"C","A","20180101","2018","52","2018","156","CHN","China","X","Export","484","MEX","Mexico","0","W00","World","H5","HS","true","TOTAL","All Commodities","0","false","C00","TOTAL CPC","0","0","TOTAL MOT","-1","N/A","0","false","-1","N/A","0","false","0","true","0","false","0","44009918081","44009918081","4","false","true",
"C","A","20180101","2018","52","2018","156","CHN","China","X","Export","643","RUS","Russian Federation","0","W00","World","H5","HS","true","TOTAL","All Commodities","0","false","C00","TOTAL CPC","0","0","TOTAL MOT","-1","N/A","0","false","-1","N/A","0","false","0","true","0","false","0","47965272790","47965272790","4","false","true",
"C","A","20180101","2018","52","2018","156","CHN","China","X","Export","682","SAU","Saudi Arabia","0","W00","World","H5","HS","true","TOTAL","All Commodities","0","false","C00","TOTAL CPC","0","0","TOTAL MOT","-1","N/A","0","false","-1","N/A","0","false","0","true","0","false","0","17428036040","17428036040","4","false","true",
"C","A","20180101","2018","52","2018","156","CHN","China","X","Export","699","IND","India","0","W00","World","H5","HS","true","TOTAL","All Commodities","0","false","C00","TOTAL CPC","0","0","TOTAL MOT","-1","N/A","0","false","-1","N/A","0","false","0","true","0","false","0","76675655636","76675655636","4","false","true",
"C","A","20180101","2018","52","2018","156","CHN","China","X","Export","710","ZAF","South Africa","0","W00","World","H5","HS","true","TOTAL","All Commodities","0","false","C00","TOTAL CPC","0","0","TOTAL MOT","-1","N/A","0","false","-1","N/A","0","false","0","true","0","false","0","16248380726","16248380726","4","false","true",
"C","A","20180101","2018","52","2018","156","CHN","China","X","Export","792","TUR","Türkiye","0","W00","World","H5","HS","true","TOTAL","All Commodities","0","false","C00","TOTAL CPC","0","0","TOTAL MOT","-1","N/A","0","false","-1","N/A","0","false","0","true","0","false","0","17788595000","17788595000","4","false","true",
"C","A","20180101","2018","52","2018","156","CHN","China","X","Export","826","GBR","United Kingdom","0","W00","World","H5","HS","true","TOTAL","All Commodities","0","false","C00","TOTAL CPC","0","0","TOTAL MOT","-1","N/A","0","false","-1","N/A","0","false","0","true","0","false","0","56542925410","56542925410","4","false","true",
"C","A","20180101","2018","52","2018","156","CHN","China","X","Export","842","USA","USA","0","W00","World","H5","HS","true","TOTAL","All Commodities","0","false","C00","TOTAL CPC","0","0","TOTAL MOT","-1","N/A","0","false","-1","N/A","0","false","0","true","0","false","0","479278747159","479278747159","4","false","true",
"C","A","20180101","2018","52","2018","251","FRA","France","X","Export","32","ARG","Argentina","0","W00","World","H5","HS","true","TOTAL","All Commodities","0","false","C00","TOTAL CPC","0 ","0","TOTAL MOT","-1","N/A","0","false","-1","N/A","0","false","0","true","0","false",,"930852520.819","930852520.819","4","false","true",
"C","A","20180101","2018","52","2018","251","FRA","France","X","Export","36","AUS","Australia","0","W00","World","H5","HS","true","TOTAL","All Commodities","0","false","C00","TOTAL CPC","0 ","0","TOTAL MOT","-1","N/A","0","false","-1","N/A","0","false","0","true","0","false",,"3108595943.873","3108595943.873","4","false","true",
"C","A","20180101","2018","52","2018","251","FRA","France","X","Export","76","BRA","Brazil","0","W00","World","H5","HS","true","TOTAL","All Commodities","0","false","C00","TOTAL CPC","0 ","0","TOTAL MOT","-1","N/A","0","false","-1","N/A","0","false","0","true","0","false",,"5331961434.592","5331961434.592","4","false","true",
"C","A","20180101","2018","52","2018","251","FRA","France","X","Export","124","CAN","Canada","0","W00","World","H5","HS","true","TOTAL","All Commodities","0","false","C00","TOTAL CPC","0 ","0","TOTAL MOT","-1","N/A","0","false","-1","N/A","0","false","0","true","0","false",,"3973505056.075","3973505056.075","4","false","true",
"C","A","20180101","2018","52","2018","251","FRA","France","X","Export","156","CHN","China","0","W00","World","H5","HS","true","TOTAL","All Commodities","0","false","C00","TOTAL CPC","0 ","0","TOTAL MOT","-1","N/A","0","false","-1","N/A","0","false","0","true","0","false",,"24618000748.931","24618000748.931","4","false","true",
"C","A","20180101","2018","52","2018","251","FRA","France","X","Export","276","DEU","Germany","0","W00","World","H5","HS","true","TOTAL","All Commodities","0","false","C00","TOTAL CPC","0 ","0","TOTAL MOT","-1","N/A","0","false","-1","N/A","0","false","0","true","0","false",,"83212117326.101","83212117326.101","4","false","true",
"C","A","20180101","2018","52","2018","251","FRA","France","X","Export","360","IDN","Indonesia","0","W00","World","H5","HS","true","TOTAL","All Commodities","0","false","C00","TOTAL CPC","0 ","0","TOTAL MOT","-1","N/A","0","false","-1","N/A","0","false","0","true","0","false",,"1499937514.896","1499937514.896","4","false","true",
"C","A","20180101","2018","52","2018","251","FRA","France","X","Export","380","ITA","Italy","0","W00","World","H5","HS","true","TOTAL","All Commodities","0","false","C00","TOTAL CPC","0 ","0","TOTAL MOT","-1","N/A","0","false","-1","N/A","0","false","0","true","0","false",,"42748244978.75","42748244978.75","4","false","true",
"C","A","20180101","2018","52","2018","251","FRA","France","X","Export","392","JPN","Japan","0","W00","World","H5","HS","true","TOTAL","All Commodities","0","false","C00","TOTAL CPC","0 ","0","TOTAL MOT","-1","N/A","0","false","-1","N/A","0","false","0","true","0","false",,"7814214572.742","7814214572.742","4","false","true",
"C","A","20180101","2018","52","2018","251","FRA","France","X","Export","410","KOR","Rep. of Korea","0","W00","World","H5","HS","true","TOTAL","All Commodities","0","false","C00","TOTAL CPC","0 ","0","TOTAL MOT","-1","N/A","0","false","-1","N/A","0","false","0","true","0","false",,"5116694577.469","5116694577.469","4","false","true",
"C","A","20180101","2018","52","2018","251","FRA","France","X","Export","484","MEX","Mexico","0","W00","World","H5","HS","true","TOTAL","All Commodities","0","false","C00","TOTAL CPC","0 ","0","TOTAL MOT","-1","N/A","0","false","-1","N/A","0","false","0","true","0","false",,"3867998106.354","3867998106.354","4","false","true",
"C","A","20180101","2018","52","2018","251","FRA","France","X","Export","643","RUS","Russian Federation","0","W00","World","H5","HS","true","TOTAL","All Commodities","0","false","C00","TOTAL CPC","0 ","0","TOTAL MOT","-1","N/A","0","false","-1","N/A","0","false","0","true","0","false",,"6280694273.429","6280694273.429","4","false","true",
"C","A","20180101","2018","52","2018","251","FRA","France","X","Export","682","SAU","Saudi Arabia","0","W00","World","H5","HS","true","TOTAL","All Commodities","0","false","C00","TOTAL CPC","0 ","0","TOTAL MOT","-1","N/A","0","false","-1","N/A","0","false","0","true","0","false",,"4100795421.013","4100795421.013","4","false","true",
"C","A","20180101","2018","52","2018","251","FRA","France","X","Export","699","IND","India","0","W00","World","H5","HS","true","TOTAL","All Commodities","0","false","C00","TOTAL CPC","0 ","0","TOTAL MOT","-1","N/A","0","false","-1","N/A","0","false","0","true","0","false",,"6530434837.519","6530434837.519","4","false","true",
"C","A","20180101","2018","52","2018","251","FRA","France","X","Export","710","ZAF","South Africa","0","W00","World","H5","HS","true","TOTAL","All Commodities","0","false","C00","TOTAL CPC","0 ","0","TOTAL MOT","-1","N/A","0","false","-1","N/A","0","false","0","true","0","false",,"1876263292.485","1876263292.485","4","false","true",
"C","A","20180101","2018","52","2018","251","FRA","France","X","Export","792","TUR","Türkiye","0","W00","World","H5","HS","true","TOTAL","All Commodities","0","false","C00","TOTAL CPC","0 ","0","TOTAL MOT","-1","N/A","0","false","-1","N/A","0","false","0","true","0","false",,"7072182392.444","7072182392.444","4","false","true",
"C","A","20180101","2018","52","2018","251","FRA","France","X","Export","826","GBR","United Kingdom","0","W00","World","H5","HS","true","TOTAL","All Commodities","0","false","C00","TOTAL CPC","0 ","0","TOTAL MOT","-1","N/A","0","false","-1","N/A","0","false","0","true","0","false",,"38386038366.133","38386038366.133","4","false","true",
"C","A","20180101","2018","52","2018","251","FRA","France","X","Export","842","USA","USA","0","W00","World","H5","HS","true","TOTAL","All Commodities","0","false","C00","TOTAL CPC","0 ","0","TOTAL MOT","-1","N/A","0","false","-1","N/A","0","false","0","true","0","false",,"45309603062.664","45309603062.664","4","false","true",
"C","A","20180101","2018","52","2018","276","DEU","Germany","X","Export","32","ARG","Argentina","0","W00","World","H5","HS","true","TOTAL","All Commodities","0","false","C00","TOTAL CPC","0 ","0","TOTAL MOT","-1","N/A","0","false","-1","N/A","0","false",,"true",,"false",,"3476883492.996","3476883492.996","0","false","true",
"C","A","20180101","2018","52","2018","276","DEU","Germany","X","Export","36","AUS","Australia","0","W00","World","H5","HS","true","TOTAL","All Commodities","0","false","C00","TOTAL CPC","0 ","0","TOTAL MOT","-1","N/A","0","false","-1","N/A","0","false",,"true",,"false",,"11871220948.919","11871220948.919","0","false","true",
"C","A","20180101","2018","52","2018","276","DEU","Germany","X","Export","76","BRA","Brazil","0","W00","World","H5","HS","true","TOTAL","All Commodities","0","false","C00","TOTAL CPC","0 ","0","TOTAL MOT","-1","N/A","0","false","-1","N/A","0","false",,"true",,"false",,"11273512104.357","11273512104.357","0","false","true",
"C","A","20180101","2018","52","2018","276","DEU","Germany","X","Export","124","CAN","Canada","0","W00","World","H5","HS","true","TOTAL","All Commodities","0","false","C00","TOTAL CPC","0 ","0","TOTAL MOT","-1","N/A","0","false","-1","N/A","0","false",,"true",,"false",,"12056023570.011","12056023570.011","0","false","true",
"C","A","20180101","2018","52","2018","276","DEU","Germany","X","Export","156","CHN","China","0","W00","World","H5","HS","true","TOTAL","All Commodities","0","false","C00","TOTAL CPC","0 ","0","TOTAL MOT","-1","N/A","0","false","-1","N/A","0","false",,"true",,"false",,"110452930389.878","110452930389.878","0","false","true",
"C","A","20180101","2018","52","2018","276","DEU","Germany","X","Export","251","FRA","France","0","W00","World","H5","HS","true","TOTAL","All Commodities","0","false","C00","TOTAL CPC","0 ","0","TOTAL MOT","-1","N/A","0","false","-1","N/A","0","false",,"true",,"false",,"124361108658.634","124361108658.634","0","false","true",
"C","A","20180101","2018","52","2018","276","DEU","Germany","X","Export","360","IDN","Indonesia","0","W00","World","H5","HS","true","TOTAL","All Commodities","0","false","C00","TOTAL CPC","0 ","0","TOTAL MOT","-1","N/A","0","false","-1","N/A","0","false",,"true",,"false",,"3403598647.272","3403598647.272","0","false","true",
"C","A","20180101","2018","52","2018","276","DEU","Germany","X","Export","380","ITA","Italy","0","W00","World","H5","HS","true","TOTAL","All Commodities","0","false","C00","TOTAL CPC","0 ","0","TOTAL MOT","-1","N/A","0","false","-1","N/A","0","false",,"true",,"false",,"82414016512.092","82414016512.092","0","false","true",
"C","A","20180101","2018","52","2018","276","DEU","Germany","X","Export","392","JPN","Japan","0","W00","World","H5","HS","true","TOTAL","All Commodities","0","false","C00","TOTAL CPC","0 ","0","TOTAL MOT","-1","N/A","0","false","-1","N/A","0","false",,"true",,"false",,"24239532472.784","24239532472.784","0","false","true",
"C","A","20180101","2018","52","2018","276","DEU","Germany","X","Export","410","KOR","Rep. of Korea","0","W00","World","H5","HS","true","TOTAL","All Commodities","0","false","C00","TOTAL CPC","0 ","0","TOTAL MOT","-1","N/A","0","false","-1","N/A","0","false",,"true",,"false",,"20394670579.274","20394670579.274","0","false","true",
"C","A","20180101","2018","52","2018","276","DEU","Germany","X","Export","484","MEX","Mexico","0","W00","World","H5","HS","true","TOTAL","All Commodities","0","false","C00","TOTAL CPC","0 ","0","TOTAL MOT","-1","N/A","0","false","-1","N/A","0","false",,"true",,"false",,"16479936716.55","16479936716.55","0","false","true",
"C","A","20180101","2018","52","2018","276","DEU","Germany","X","Export","643","RUS","Russian Federation","0","W00","World","H5","HS","true","TOTAL","All Commodities","0","false","C00","TOTAL CPC","0 ","0","TOTAL MOT","-1","N/A","0","false","-1","N/A","0","false",,"true",,"false",,"31350927514.773","31350927514.773","0","false","true",
"C","A","20180101","2018","52","2018","276","DEU","Germany","X","Export","682","SAU","Saudi Arabia","0","W00","World","H5","HS","true","TOTAL","All Commodities","0","false","C00","TOTAL CPC","0 ","0","TOTAL MOT","-1","N/A","0","false","-1","N/A","0","false",,"true",,"false",,"7484085163.647","7484085163.647","0","false","true",
"C","A","20180101","2018","52","2018","276","DEU","Germany","X","Export","699","IND","India","0","W00","World","H5","HS","true","TOTAL","All Commodities","0","false","C00","TOTAL CPC","0 ","0","TOTAL MOT","-1","N/A","0","false","-1","N/A","0","false",,"true",,"false",,"14878761168.531","14878761168.531","0","false","true",
"C","A","20180101","2018","52","2018","276","DEU","Germany","X","Export","710","ZAF","South Africa","0","W00","World","H5","HS","true","TOTAL","All Commodities","0","false","C00","TOTAL CPC","0 ","0","TOTAL MOT","-1","N/A","0","false","-1","N/A","0","false",,"true",,"false",,"10893894824.713","10893894824.713","0","false","true",
"C","A","20180101","2018","52","2018","276","DEU","Germany","X","Export","792","TUR","Türkiye","0","W00","World","H5","HS","true","TOTAL","All Commodities","0","false","C00","TOTAL CPC","0 ","0","TOTAL MOT","-1","N/A","0","false","-1","N/A","0","false",,"true",,"false",,"22761398748.398","22761398748.398","0","false","true",
"C","A","20180101","2018","52","2018","276","DEU","Germany","X","Export","826","GBR","United Kingdom","0","W00","World","H5","HS","true","TOTAL","All Commodities","0","false","C00","TOTAL CPC","0 ","0","TOTAL MOT","-1","N/A","0","false","-1","N/A","0","false",,"true",,"false",,"96659170689.99","96659170689.99","0","false","true",
"C","A","20180101","2018","52","2018","276","DEU","Germany","X","Export","842","USA","USA","0","W00","World","H5","HS","true","TOTAL","All Commodities","0","false","C00","TOTAL CPC","0 ","0","TOTAL MOT","-1","N/A","0","false","-1","N/A","0","false",,"true",,"false",,"134363438748.962","134363438748.962","0","false","true",
"C","A","20180101","2018","52","2018","360","IDN","Indonesia","X","Export","32","ARG","Argentina","0","W00","World","H5","HS","true","TOTAL","All Commodities","0","false","C00","TOTAL CPC","0","0","TOTAL MOT","-1","N/A","0","false","-1","N/A","0","false","0","false","0","false","0","238283191.78","238283191.78","0","false","true",
"C","A","20180101","2018","52","2018","360","IDN","Indonesia","X","Export","36","AUS","Australia","0","W00","World","H5","HS","true","TOTAL","All Commodities","0","false","C00","TOTAL CPC","0","0","TOTAL MOT","-1","N/A","0","false","-1","N/A","0","false","0","true","0","false","0","2800076332.7","2800076332.7","4","false","true",
"C","A","20180101","2018","52","2018","360","IDN","Indonesia","X","Export","76","BRA","Brazil","0","W00","World","H5","HS","true","TOTAL","All Commodities","0","false","C00","TOTAL CPC","0","0","TOTAL MOT","-1","N/A","0","false","-1","N/A","0","false","0","true","0","false","0","1145594357.24","1145594357.24","4","false","true",
"C","A","20180101","2018","52","2018","360","IDN","Indonesia","X","Export","124","CAN","Canada","0","W00","World","H5","HS","true","TOTAL","All Commodities","0","false","C00","TOTAL CPC","0","0","TOTAL MOT","-1","N/A","0","false","-1","N/A","0","false","0","true","0","false","0","914292359.51","914292359.51","4","false","true",
"C","A","20180101","2018","52","2018","360","IDN","Indonesia","X","Export","156","CHN","China","0","W00","World","H5","HS","true","TOTAL","All Commodities","0","false","C00","TOTAL CPC","0","0","TOTAL MOT","-1","N/A","0","false","-1","N/A","0","false","0","true","0","false","0","27126932390.48","27126932390.48","4","false","true",
"C","A","20180101","2018","52","2018","360","IDN","Indonesia","X","Export","251","FRA","France","0","W00","World","H5","HS","true","TOTAL","All Commodities","0","false","C00","TOTAL CPC","0","0","TOTAL MOT","-1","N/A","0","false","-1","N/A","0","false","0","true","0","false","0","1039986230.97","1039986230.97","4","false","true",
"C","A","20180101","2018","52","2018","360","IDN","Indonesia","X","Export","276","DEU","Germany","0","W00","World","H5","HS","true","TOTAL","All Commodities","0","false","C00","TOTAL CPC","0","0","TOTAL MOT","-1","N/A","0","false","-1","N/A","0","false","0","true","0","false","0","2709811628.08","2709811628.08","4","false","true",
"C","A","20180101","2018","52","2018","360","IDN","Indonesia","X","Export","380","ITA","Italy","0","W00","World","H5","HS","true","TOTAL","All Commodities","0","false","C00","TOTAL CPC","0","0","TOTAL MOT","-1","N/A","0","false","-1","N/A","0","false","0","true","0","false","0","1921126834.93","1921126834.93","4","false","true",
"C","A","20180101","2018","52","2018","360","IDN","Indonesia","X","Export","392","JPN","Japan","0","W00","World","H5","HS","true","TOTAL","All Commodities","0","false","C00","TOTAL CPC","0","0","TOTAL MOT","-1","N/A","0","false","-1","N/A","0","false","0","true","0","false","0","19479891977.84","19479891977.84","4","false","true",
"C","A","20180101","2018","52","2018","360","IDN","Indonesia","X","Export","410","KOR","Rep. of Korea","0","W00","World","H5","HS","true","TOTAL","All Commodities","0","false","C00","TOTAL CPC","0","0","TOTAL MOT","-1","N/A","0","false","-1","N/A","0","false","0","true","0","false","0","9532500318.631","9532500318.631","4","false","true",
"C","A","20180101","2018","52","2018","360","IDN","Indonesia","X","Export","484","MEX","Mexico","0","W00","World","H5","HS","true","TOTAL","All Commodities","0","false","C00","TOTAL CPC","0","0","TOTAL MOT","-1","N/A","0","false","-1","N/A","0","false","0","true","0","false","0","905533654.94","905533654.94","4","false","true",
"C","A","20180101","2018","52","2018","360","IDN","Indonesia","X","Export","643","RUS","Russian Federation","0","W00","World","H5","HS","true","TOTAL","All Commodities","0","false","C00","TOTAL CPC","0","0","TOTAL MOT","-1","N/A","0","false","-1","N/A","0","false","0","true","0","false","0","1001141520.23","1001141520.23","4","false","true",
"C","A","20180101","2018","52","2018","360","IDN","Indonesia","X","Export","682","SAU","Saudi Arabia","0","W00","World","H5","HS","true","TOTAL","All Commodities","0","false","C00","TOTAL CPC","0","0","TOTAL MOT","-1","N/A","0","false","-1","N/A","0","false","0","true","0","false","0","1222426859","1222426859","4","false","true",
"C","A","20180101","2018","52","2018","360","IDN","Indonesia","X","Export","699","IND","India","0","W00","World","H5","HS","true","TOTAL","All Commodities","0","false","C00","TOTAL CPC","0","0","TOTAL MOT","-1","N/A","0","false","-1","N/A","0","false","0","true","0","false","0","13725675907.51","13725675907.51","4","false","true",
"C","A","20180101","2018","52","2018","360","IDN","Indonesia","X","Export","710","ZAF","South Africa","0","W00","World","H5","HS","true","TOTAL","All Commodities","0","false","C00","TOTAL CPC","0","0","TOTAL MOT","-1","N/A","0","false","-1","N/A","0","false","0","true","0","false","0","645591873.5","645591873.5","4","false","true",
"C","A","20180101","2018","52","2018","360","IDN","Indonesia","X","Export","792","TUR","Türkiye","0","W00","World","H5","HS","true","TOTAL","All Commodities","0","false","C00","TOTAL CPC","0","0","TOTAL MOT","-1","N/A","0","false","-1","N/A","0","false","0","true","0","false","0","1181874373.55","1181874373.55","4","false","true",
"C","A","20180101","2018","52","2018","360","IDN","Indonesia","X","Export","826","GBR","United Kingdom","0","W00","World","H5","HS","true","TOTAL","All Commodities","0","false","C00","TOTAL CPC","0","0","TOTAL MOT","-1","N/A","0","false","-1","N/A","0","false","0","true","0","false","0","1466108305.63","1466108305.63","4","false","true",
"C","A","20180101","2018","52","2018","360","IDN","Indonesia","X","Export","842","USA","USA","0","W00","World","H5","HS","true","TOTAL","All Commodities","0","false","C00","TOTAL CPC","0","0","TOTAL MOT","-1","N/A","0","false","-1","N/A","0","false","0","true","0","false","0","18471771365.59","18471771365.59","4","false","true",
"C","A","20180101","2018","52","2018","380","ITA","Italy","X","Export","32","ARG","Argentina","0","W00","World","H5","HS","true","TOTAL","All Commodities","0","false","C00","TOTAL CPC","0","0","TOTAL MOT","-1","N/A","0","false","-1","N/A","0","false","0","true","0","false",,"1348319993.644","1348319993.644","4","false","true",
"C","A","20180101","2018","52","2018","380","ITA","Italy","X","Export","36","AUS","Australia","0","W00","World","H5","HS","true","TOTAL","All Commodities","0","false","C00","TOTAL CPC","0","0","TOTAL MOT","-1","N/A","0","false","-1","N/A","0","false","0","true","0","false",,"4728059908.18","4728059908.18","4","false","true",
"C","A","20180101","2018","52","2018","380","ITA","Italy","X","Export","76","BRA","Brazil","0","W00","World","H5","HS","true","TOTAL","All Commodities","0","false","C00","TOTAL CPC","0","0","TOTAL MOT","-1","N/A","0","false","-1","N/A","0","false","0","true","0","false",,"4571416822.152","4571416822.152","4","false","true",
"C","A","20180101","2018","52","2018","380","ITA","Italy","X","Export","124","CAN","Canada","0","W00","World","H5","HS","true","TOTAL","All Commodities","0","false","C00","TOTAL CPC","0","0","TOTAL MOT","-1","N/A","0","false","-1","N/A","0","false","0","true","0","false",,"4855076486.239","4855076486.239","4","false","true",
"C","A","20180101","2018","52","2018","380","ITA","Italy","X","Export","156","CHN","China","0","W00","World","H5","HS","true","TOTAL","All Commodities","0","false","C00","TOTAL CPC","0","0","TOTAL MOT","-1","N/A","0","false","-1","N/A","0","false","0","true","0","false",,"15502545057.346","15502545057.346","4","false","true",
"C","A","20180101","2018","52","2018","380","ITA","Italy","X","Export","251","FRA","France","0","W00","World","H5","HS","true","TOTAL","All Commodities","0","false","C00","TOTAL CPC","0","0","TOTAL MOT","-1","N/A","0","false","-1","N/A","0","false","0","true","0","false",,"57459659154.164","57459659154.164","4","false","true",
"C","A","20180101","2018","52","2018","380","ITA","Italy","X","Export","276","DEU","Germany","0","W00","World","H5","HS","true","TOTAL","All Commodities","0","false","C00","TOTAL CPC","0","0","TOTAL MOT","-1","N/A","0","false","-1","N/A","0","false","0","true","0","false",,"68707240759.586","68707240759.586","4","false","true",
"C","A","20180101","2018","52","2018","380","ITA","Italy","X","Export","360","IDN","Indonesia","0","W00","World","H5","HS","true","TOTAL","All Commodities","0","false","C00","TOTAL CPC","0","0","TOTAL MOT","-1","N/A","0","false","-1","N/A","0","false","0","true","0","false",,"1425387306.234","1425387306.234","4","false","true",
"C","A","20180101","2018","52","2018","380","ITA","Italy","X","Export","392","JPN","Japan","0","W00","World","H5","HS","true","TOTAL","All Commodities","0","false","C00","TOTAL CPC","0","0","TOTAL MOT","-1","N/A","0","false","-1","N/A","0","false","0","true","0","false",,"7634435461.141","7634435461.141","4","false","true",
"C","A","20180101","2018","52","2018","380","ITA","Italy","X","Export","410","KOR","Rep. of Korea","0","W00","World","H5","HS","true","TOTAL","All Commodities","0","false","C00","TOTAL CPC","0","0","TOTAL MOT","-1","N/A","0","false","-1","N/A","0","false","0","true","0","false",,"5384996514.037","5384996514.037","4","false","true",
"C","A","20180101","2018","52","2018","380","ITA","Italy","X","Export","484","MEX","Mexico","0","W00","World","H5","HS","true","TOTAL","All Commodities","0","false","C00","TOTAL CPC","0","0","TOTAL MOT","-1","N/A","0","false","-1","N/A","0","false","0","true","0","false",,"5070800266.942","5070800266.942","4","false","true",
"C","A","20180101","2018","52","2018","380","ITA","Italy","X","Export","643","RUS","Russian Federation","0","W00","World","H5","HS","true","TOTAL","All Commodities","0","false","C00","TOTAL CPC","0","0","TOTAL MOT","-1","N/A","0","false","-1","N/A","0","false","0","true","0","false",,"8935926707.917","8935926707.917","4","false","true",
"C","A","20180101","2018","52","2018","380","ITA","Italy","X","Export","682","SAU","Saudi Arabia","0","W00","World","H5","HS","true","TOTAL","All Commodities","0","false","C00","TOTAL CPC","0","0","TOTAL MOT","-1","N/A","0","false","-1","N/A","0","false","0","true","0","false",,"3651679857.262","3651679857.262","4","false","true",
"C","A","20180101","2018","52","2018","380","ITA","Italy","X","Export","699","IND","India","0","W00","World","H5","HS","true","TOTAL","All Commodities","0","false","C00","TOTAL CPC","0","0","TOTAL MOT","-1","N/A","0","false","-1","N/A","0","false","0","true","0","false",,"4672641343.594","4672641343.594","4","false","true",
"C","A","20180101","2018","52","2018","380","ITA","Italy","X","Export","710","ZAF","South Africa","0","W00","World","H5","HS","true","TOTAL","All Commodities","0","false","C00","TOTAL CPC","0","0","TOTAL MOT","-1","N/A","0","false","-1","N/A","0","false","0","true","0","false",,"2370193013.492","2370193013.492","4","false","true",
"C","A","20180101","2018","52","2018","380","ITA","Italy","X","Export","792","TUR","Türkiye","0","W00","World","H5","HS","true","TOTAL","All Commodities","0","false","C00","TOTAL CPC","0","0","TOTAL MOT","-1","N/A","0","false","-1","N/A","0","false","0","true","0","false",,"10368299038.203","10368299038.203","4","false","true",
"C","A","20180101","2018","52","2018","380","ITA","Italy","X","Export","826","GBR","United Kingdom","0","W00","World","H5","HS","true","TOTAL","All Commodities","0","false","C00","TOTAL CPC","0","0","TOTAL MOT","-1","N/A","0","false","-1","N/A","0","false","0","true","0","false",,"28104123881.375","28104123881.375","4","false","true",
"C","A","20180101","2018","52","2018","380","ITA","Italy","X","Export","842","USA","USA","0","W00","World","H5","HS","true","TOTAL","All Commodities","0","false","C00","TOTAL CPC","0","0","TOTAL MOT","-1","N/A","0","false","-1","N/A","0","false","0","true","0","false",,"50082906768.165","50082906768.165","4","false","true",
"C","A","20180101","2018","52","2018","392","JPN","Japan","X","Export","32","ARG","Argentina","0","W00","World","H5","HS","true","TOTAL","All Commodities","0","false","C00","TOTAL CPC","0","0","TOTAL MOT","-1","N/A","0","false","-1","N/A","0","false","0","true","0","false","0","738937939.118","738937939.118","4","false","true",
"C","A","20180101","2018","52","2018","392","JPN","Japan","X","Export","36","AUS","Australia","0","W00","World","H5","HS","true","TOTAL","All Commodities","0","false","C00","TOTAL CPC","0","0","TOTAL MOT","-1","N/A","0","false","-1","N/A","0","false","0","true","0","false","0","17089184594.769","17089184594.769","4","false","true",
"C","A","20180101","2018","52","2018","392","JPN","Japan","X","Export","76","BRA","Brazil","0","W00","World","H5","HS","true","TOTAL","All Commodities","0","false","C00","TOTAL CPC","0","0","TOTAL MOT","-1","N/A","0","false","-1","N/A","0","false","0","true","0","false","0","4000189555.575","4000189555.575","4","false","true",
"C","A","20180101","2018","52","2018","392","JPN","Japan","X","Export","124","CAN","Canada","0","W00","World","H5","HS","true","TOTAL","All Commodities","0","false","C00","TOTAL CPC","0","0","TOTAL MOT","-1","N/A","0","false","-1","N/A","0","false","0","true","0","false","0","9326489855.481","9326489855.481","4","false","true",
"C","A","20180101","2018","52","2018","392","JPN","Japan","X","Export","156","CHN","China","0","W00","World","H5","HS","true","TOTAL","All Commodities","0","false","C00","TOTAL CPC","0","0","TOTAL MOT","-1","N/A","0","false","-1","N/A","0","false","0","true","0","false","0","144033051526.667","144033051526.667","4","false","true",
"C","A","20180101","2018","52","2018","392","JPN","Japan","X","Export","251","FRA","France","0","W00","World","H5","HS","true","TOTAL","All Commodities","0","false","C00","TOTAL CPC","0","0","TOTAL MOT","-1","N/A","0","false","-1","N/A","0","false","0","true","0","false","0","7323323711.623","7323323711.623","4","false","true",
"C","A","20180101","2018","52","2018","392","JPN","Japan","X","Export","276","DEU","Germany","0","W00","World","H5","HS","true","TOTAL","All Commodities","0","false","C00","TOTAL CPC","0","0","TOTAL MOT","-1","N/A","0","false","-1","N/A","0","false","0","true","0","false","0","20888548590.332","20888548590.332","4","false","true",
"C","A","20180101","2018","52","2018","392","JPN","Japan","X","Export","360","IDN","Indonesia","0","W00","World","H5","HS","true","TOTAL","All Commodities","0","false","C00","TOTAL CPC","0","0","TOTAL MOT","-1","N/A","0","false","-1","N/A","0","false","0","true","0","false","0","15792211176.017","15792211176.017","4","false","true",
"C","A","20180101","2018","52","2018","392","JPN","Japan","X","Export","380","ITA","Italy","0","W00","World","H5","HS","true","TOTAL","All Commodities","0","false","C00","TOTAL CPC","0","0","TOTAL MOT","-1","N/A","0","false","-1","N/A","0","false","0","true","0","false","0","4698120267.539","4698120267.539","4","false","true",
"C","A","20180101","2018","52","2018","392","JPN","Japan","X","Export","410","KOR","Rep. of Korea","0","W00","World","H5","HS","true","TOTAL","All Commodities","0","false","C00","TOTAL CPC","0","0","TOTAL MOT","-1","N/A","0","false","-1","N/A","0","false","0","true","0","false","0","52480442255.686","52480442255.686","4","false","true",
"C","A","20180101","2018","52","2018","392","JPN","Japan","X","Export","484","MEX","Mexico","0","W00","World","H5","HS","true","TOTAL","All Commodities","0","false","C00","TOTAL CPC","0","0","TOTAL MOT","-1","N/A","0","false","-1","N/A","0","false","0","true","0","false","0","11623375424.954","11623375424.954","4","false","true",
"C","A","20180101","2018","52","2018","392","JPN","Japan","X","Export","643","RUS","Russian Federation","0","W00","World","H5","HS","true","TOTAL","All Commodities","0","false","C00","TOTAL CPC","0","0","TOTAL MOT","-1","N/A","0","false","-1","N/A","0","false","0","true","0","false","0","7297556676.765","7297556676.765","4","false","true",
"C","A","20180101","2018","52","2018","392","JPN","Japan","X","Export","682","SAU","Saudi Arabia","0","W00","World","H5","HS","true","TOTAL","All Commodities","0","false","C00","TOTAL CPC","0","0","TOTAL MOT","-1","N/A","0","false","-1","N/A","0","false","0","true","0","false","0","4114479156.412","4114479156.412","4","false","true",
"C","A","20180101","2018","52","2018","392","JPN","Japan","X","Export","699","IND","India","0","W00","World","H5","HS","true","TOTAL","All Commodities","0","false","C00","TOTAL CPC","0","0","TOTAL MOT","-1","N/A","0","false","-1","N/A","0","false","0","true","0","false","0","11010370833.278","11010370833.278","4","false","true",
"C","A","20180101","2018","52","2018","392","JPN","Japan","X","Export","710","ZAF","South Africa","0","W00","World","H5","HS","true","TOTAL","All Commodities","0","false","C00","TOTAL CPC","0","0","TOTAL MOT","-1","N/A","0","false","-1","N/A","0","false","0","true","0","false","0","2519432588.76","2519432588.76","4","false","true",
"C","A","20180101","2018","52","2018","392","JPN","Japan","X","Export","792","TUR","Türkiye","0","W00","World","H5","HS","true","TOTAL","All Commodities","0","false","C00","TOTAL CPC","0","0","TOTAL MOT","-1","N/A","0","false","-1","N/A","0","false","0","true","0","false","0","3190983666.934","3190983666.934","4","false","true",
"C","A","20180101","2018","52","2018","392","JPN","Japan","X","Export","826","GBR","United Kingdom","0","W00","World","H5","HS","true","TOTAL","All Commodities","0","false","C00","TOTAL CPC","0","0","TOTAL MOT","-1","N/A","0","false","-1","N/A","0","false","0","true","0","false","0","13900287638.245","13900287638.245","4","false","true",
"C","A","20180101","2018","52","2018","392","JPN","Japan","X","Export","842","USA","USA","0","W00","World","H5","HS","true","TOTAL","All Commodities","0","false","C00","TOTAL CPC","0","0","TOTAL MOT","-1","N/A","0","false","-1","N/A","0","false","0","true","0","false","0","140713379456.955","140713379456.955","4","false","true",
"C","A","20180101","2018","52","2018","410","KOR","Rep. of Korea","X","Export","32","ARG","Argentina","0","W00","World","H5","HS","true","TOTAL","All Commodities","0","false","C00","TOTAL CPC","0","0","TOTAL MOT","-1","N/A","0","false","-1","N/A","0","false","0","true","0","false",,"536361276","536361276","4","false","true",
"C","A","20180101","2018","52","2018","410","KOR","Rep. of Korea","X","Export","36","AUS","Australia","0","W00","World","H5","HS","true","TOTAL","All Commodities","0","false","C00","TOTAL CPC","0","0","TOTAL MOT","-1","N/A","0","false","-1","N/A","0","false","0","true","0","false",,"9610270283","9610270283","4","false","true",
"C","A","20180101","2018","52","2018","410","KOR","Rep. of Korea","X","Export","76","BRA","Brazil","0","W00","World","H5","HS","true","TOTAL","All Commodities","0","false","C00","TOTAL CPC","0","0","TOTAL MOT","-1","N/A","0","false","-1","N/A","0","false","0","true","0","false",,"4883693471","4883693471","4","false","true",
"C","A","20180101","2018","52","2018","410","KOR","Rep. of Korea","X","Export","124","CAN","Canada","0","W00","World","H5","HS","true","TOTAL","All Commodities","0","false","C00","TOTAL CPC","0","0","TOTAL MOT","-1","N/A","0","false","-1","N/A","0","false","0","true","0","false",,"5743190600","5743190600","4","false","true",
"C","A","20180101","2018","52","2018","410","KOR","Rep. of Korea","X","Export","156","CHN","China","0","W00","World","H5","HS","true","TOTAL","All Commodities","0","false","C00","TOTAL CPC","0","0","TOTAL MOT","-1","N/A","0","false","-1","N/A","0","false","0","true","0","false",,"162124667641","162124667641","4","false","true",
"C","A","20180101","2018","52","2018","410","KOR","Rep. of Korea","X","Export","251","FRA","France","0","W00","World","H5","HS","true","TOTAL","All Commodities","0","false","C00","TOTAL CPC","0","0","TOTAL MOT","-1","N/A","0","false","-1","N/A","0","false","0","true","0","false",,"3635900722","3635900722","4","false","true",
"C","A","20180101","2018","52","2018","410","KOR","Rep. of Korea","X","Export","276","DEU","Germany","0","W00","World","H5","HS","true","TOTAL","All Commodities","0","false","C00","TOTAL CPC","0","0","TOTAL MOT","-1","N/A","0","false","-1","N/A","0","false","0","true","0","false",,"9371512368","9371512368","4","false","true",
"C","A","20180101","2018","52","2018","410","KOR","Rep. of Korea","X","Export","360","IDN","Indonesia","0","W00","World","H5","HS","true","TOTAL","All Commodities","0","false","C00","TOTAL CPC","0","0","TOTAL MOT","-1","N/A","0","false","-1","N/A","0","false","0","true","0","false",,"8833194908","8833194908","4","false","true",
"C","A","20180101","2018","52","2018","410","KOR","Rep. of Korea","X","Export","380","ITA","Italy","0","W00","World","H5","HS","true","TOTAL","All Commodities","0","false","C00","TOTAL CPC","0","0","TOTAL MOT","-1","N/A","0","false","-1","N/A","0","false","0","true","0","false",,"4493002395","4493002395","4","false","true",
"C","A","20180101","2018","52","2018","410","KOR","Rep. of Korea","X","Export","392","JPN","Japan","0","W00","World","H5","HS","true","TOTAL","All Commodities","0","false","C00","TOTAL CPC","0","0","TOTAL MOT","-1","N/A","0","false","-1","N/A","0","false","0","true","0","false",,"30527115779","30527115779","4","false","true",
"C","A","20180101","2018","52","2018","410","KOR","Rep. of Korea","X","Export","484","MEX","Mexico","0","W00","World","H5","HS","true","TOTAL","All Commodities","0","false","C00","TOTAL CPC","0","0","TOTAL MOT","-1","N/A","0","false","-1","N/A","0","false","0","true","0","false",,"11458232619","11458232619","4","false","true",
"C","A","20180101","2018","52","2018","410","KOR","Rep. of Korea","X","Export","643","RUS","Russian Federation","0","W00","World","H5","HS","true","TOTAL","All Commodities","0","false","C00","TOTAL CPC","0","0","TOTAL MOT","-1","N/A","0","false","-1","N/A","0","false","0","true","0","false",,"7320870993","7320870993","4","false","true",
"C","A","20180101","2018","52","2018","410","KOR","Rep. of Korea","X","Export","682","SAU","Saudi Arabia","0","W00","World","H5","HS","true","TOTAL","All Commodities","0","false","C00","TOTAL CPC","0","0","TOTAL MOT","-1","N/A","0","false","-1","N/A","0","false","0","true","0","false",,"3951951358","3951951358","4","false","true",
"C","A","20180101","2018","52","2018","410","KOR","Rep. of Korea","X","Export","699","IND","India","0","W00","World","H5","HS","true","TOTAL","All Commodities","0","false","C00","TOTAL CPC","0","0","TOTAL MOT","-1","N/A","0","false","-1","N/A","0","false","0","true","0","false",,"15606220834","15606220834","4","false","true",
"C","A","20180101","2018","52","2018","410","KOR","Rep. of Korea","X","Export","710","ZAF","South Africa","0","W00","World","H5","HS","true","TOTAL","All Commodities","0","false","C00","TOTAL CPC","0","0","TOTAL MOT","-1","N/A","0","false","-1","N/A","0","false","0","true","0","false",,"1021976346","1021976346","4","false","true",
"C","A","20180101","2018","52","2018","410","KOR","Rep. of Korea","X","Export","792","TUR","Türkiye","0","W00","World","H5","HS","true","TOTAL","All Commodities","0","false","C00","TOTAL CPC","0","0","TOTAL MOT","-1","N/A","0","false","-1","N/A","0","false","0","true","0","false",,"5980358068","5980358068","4","false","true",
"C","A","20180101","2018","52","2018","410","KOR","Rep. of Korea","X","Export","826","GBR","United Kingdom","0","W00","World","H5","HS","true","TOTAL","All Commodities","0","false","C00","TOTAL CPC","0","0","TOTAL MOT","-1","N/A","0","false","-1","N/A","0","false","0","true","0","false",,"6358770495","6358770495","4","false","true",
"C","A","20180101","2018","52","2018","410","KOR","Rep. of Korea","X","Export","842","USA","USA","0","W00","World","H5","HS","true","TOTAL","All Commodities","0","false","C00","TOTAL CPC","0","0","TOTAL MOT","-1","N/A","0","false","-1","N/A","0","false","0","true","0","false",,"73043815673","73043815673","4","false","true",
"C","A","20180101","2018","52","2018","484","MEX","Mexico","X","Export","32","ARG","Argentina","0","W00","World","H4","HS","true","TOTAL","All Commodities","0","false","C00","TOTAL CPC","0","0","TOTAL MOT","-1","N/A","0","false","-1","N/A","0","false","0","true","0","false",,"1255341366","1255341366","4","false","true",
"C","A","20180101","2018","52","2018","484","MEX","Mexico","X","Export","36","AUS","Australia","0","W00","World","H4","HS","true","TOTAL","All Commodities","0","false","C00","TOTAL CPC","0","0","TOTAL MOT","-1","N/A","0","false","-1","N/A","0","false","0","true","0","false",,"1000088289","1000088289","4","false","true",
"C","A","20180101","2018","52","2018","484","MEX","Mexico","X","Export","76","BRA","Brazil","0","W00","World","H4","HS","true","TOTAL","All Commodities","0","false","C00","TOTAL CPC","0","0","TOTAL MOT","-1","N/A","0","false","-1","N/A","0","false","0","true","0","false",,"4368804025","4368804025","4","false","true",
"C","A","20180101","2018","52","2018","484","MEX","Mexico","X","Export","124","CAN","Canada","0","W00","World","H4","HS","true","TOTAL","All Commodities","0","false","C00","TOTAL CPC","0","0","TOTAL MOT","-1","N/A","0","false","-1","N/A","0","false","0","true","0","false",,"14034440745","14034440745","4","false","true",
"C","A","20180101","2018","52","2018","484","MEX","Mexico","X","Export","156","CHN","China","0","W00","World","H4","HS","true","TOTAL","All Commodities","0","false","C00","TOTAL CPC","0","0","TOTAL MOT","-1","N/A","0","false","-1","N/A","0","false","0","true","0","false",,"7380208884","7380208884","4","false","true",
"C","A","20180101","2018","52","2018","484","MEX","Mexico","X","Export","251","FRA","France","0","W00","World","H4","HS","true","TOTAL","All Commodities","0","false","C00","TOTAL CPC","0","0","TOTAL MOT","-1","N/A","0","false","-1","N/A","0","false","0","true","0","false",,"1763546763","1763546763","4","false","true",
"C","A","20180101","2018","52","2018","484","MEX","Mexico","X","Export","276","DEU","Germany","0","W00","World","H4","HS","true","TOTAL","All Commodities","0","false","C00","TOTAL CPC","0","0","TOTAL MOT","-1","N/A","0","false","-1","N/A","0","false","0","true","0","false",,"7070778378","7070778378","4","false","true",
"C","A","20180101","2018","52","2018","484","MEX","Mexico","X","Export","360","IDN","Indonesia","0","W00","World","H4","HS","true","TOTAL","All Commodities","0","false","C00","TOTAL CPC","0","0","TOTAL MOT","-1","N/A","0","false","-1","N/A","0","false","0","true","0","false",,"137145645","137145645","4","false","true",
"C","A","20180101","2018","52","2018","484","MEX","Mexico","X","Export","380","ITA","Italy","0","W00","World","H4","HS","true","TOTAL","All Commodities","0","false","C00","TOTAL CPC","0","0","TOTAL MOT","-1","N/A","0","false","-1","N/A","0","false","0","true","0","false",,"1708799639","1708799639","4","false","true",
"C","A","20180101","2018","52","2018","484","MEX","Mexico","X","Export","392","JPN","Japan","0","W00","World","H4","HS","true","TOTAL","All Commodities","0","false","C00","TOTAL CPC","0","0","TOTAL MOT","-1","N/A","0","false","-1","N/A","0","false","0","true","0","false",,"3851931461","3851931461","4","false","true",
"C","A","20180101","2018","52","2018","484","MEX","Mexico","X","Export","410","KOR","Rep. of Korea","0","W00","World","H4","HS","true","TOTAL","All Commodities","0","false","C00","TOTAL CPC","0","0","TOTAL MOT","-1","N/A","0","false","-1","N/A","0","false","0","true","0","false",,"3726320800","3726320800","4","false","true",
"C","A","20180101","2018","52","2018","484","MEX","Mexico","X","Export","643","RUS","Russian Federation","0","W00","World","H4","HS","true","TOTAL","All Commodities","0","false","C00","TOTAL CPC","0","0","TOTAL MOT","-1","N/A","0","false","-1","N/A","0","false","0","true","0","false",,"316858726","316858726","4","false","true",
"C","A","20180101","2018","52","2018","484","MEX","Mexico","X","Export","682","SAU","Saudi Arabia","0","W00","World","H4","HS","true","TOTAL","All Commodities","0","false","C00","TOTAL CPC","0","0","TOTAL MOT","-1","N/A","0","false","-1","N/A","0","false","0","true","0","false",,"178560335","178560335","4","false","true",
"C","A","20180101","2018","52","2018","484","MEX","Mexico","X","Export","699","IND","India","0","W00","World","H4","HS","true","TOTAL","All Commodities","0","false","C00","TOTAL CPC","0","0","TOTAL MOT","-1","N/A","0","false","-1","N/A","0","false","0","true","0","false",,"4042637565","4042637565","4","false","true",
"C","A","20180101","2018","52","2018","484","MEX","Mexico","X","Export","710","ZAF","South Africa","0","W00","World","H4","HS","true","TOTAL","All Commodities","0","false","C00","TOTAL CPC","0","0","TOTAL MOT","-1","N/A","0","false","-1","N/A","0","false","0","true","0","false",,"227692896","227692896","4","false","true",
"C","A","20180101","2018","52","2018","484","MEX","Mexico","X","Export","792","TUR","Türkiye","0","W00","World","H4","HS","true","TOTAL","All Commodities","0","false","C00","TOTAL CPC","0","0","TOTAL MOT","-1","N/A","0","false","-1","N/A","0","false","0","true","0","false",,"224932680","224932680","4","false","true",
"C","A","20180101","2018","52","2018","484","MEX","Mexico","X","Export","826","GBR","United Kingdom","0","W00","World","H4","HS","true","TOTAL","All Commodities","0","false","C00","TOTAL CPC","0","0","TOTAL MOT","-1","N/A","0","false","-1","N/A","0","false","0","true","0","false",,"2211223700","2211223700","4","false","true",
"C","A","20180101","2018","52","2018","484","MEX","Mexico","X","Export","842","USA","USA","0","W00","World","H4","HS","true","TOTAL","All Commodities","0","false","C00","TOTAL CPC","0","0","TOTAL MOT","-1","N/A","0","false","-1","N/A","0","false","0","true","0","false",,"356892496771","356892496771","4","false","true",
"C","A","20180101","2018","52","2018","643","RUS","Russian Federation","X","Export","32","ARG","Argentina","0","W00","World","H5","HS","true","TOTAL","All Commodities","0","false","C00","TOTAL CPC","0 ","0","TOTAL MOT","-1","N/A","0","false","-1","N/A","0","false",,"true",,"false",,"394698452.01","394698452.01","0","false","true",
"C","A","20180101","2018","52","2018","643","RUS","Russian Federation","X","Export","36","AUS","Australia","0","W00","World","H5","HS","true","TOTAL","All Commodities","0","false","C00","TOTAL CPC","0 ","0","TOTAL MOT","-1","N/A","0","false","-1","N/A","0","false",,"true",,"false",,"141046592.07","141046592.07","0","false","true",
"C","A","20180101","2018","52","2018","643","RUS","Russian Federation","X","Export","76","BRA","Brazil","0","W00","World","H5","HS","true","TOTAL","All Commodities","0","false","C00","TOTAL CPC","0 ","0","TOTAL MOT","-1","N/A","0","false","-1","N/A","0","false",,"false",,"false",,"2584083054.21","2584083054.21","0","false","true",
"C","A","20180101","2018","52","2018","643","RUS","Russian Federation","X","Export","124","CAN","Canada","0","W00","World","H5","HS","true","TOTAL","All Commodities","0","false","C00","TOTAL CPC","0 ","0","TOTAL MOT","-1","N/A","0","false","-1","N/A","0","false",,"true",,"false",,"580644396.74","580644396.74","0","false","true",
"C","A","20180101","2018","52","2018","643","RUS","Russian Federation","X","Export","156","CHN","China","0","W00","World","H5","HS","true","TOTAL","All Commodities","0","false","C00","TOTAL CPC","0 ","0","TOTAL MOT","-1","N/A","0","false","-1","N/A","0","false",,"true",,"false",,"56019903783.57","56019903783.57","0","false","true",
"C","A","20180101","2018","52","2018","643","RUS","Russian Federation","X","Export","251","FRA","France","0","W00","World","H5","HS","true","TOTAL","All Commodities","0","false","C00","TOTAL CPC","0 ","0","TOTAL MOT","-1","N/A","0","false","-1","N/A","0","false",,"true",,"false",,"7781229618.44","7781229618.44","0","false","true",
"C","A","20180101","2018","52","2018","643","RUS","Russian Federation","X","Export","276","DEU","Germany","0","W00","World","H5","HS","true","TOTAL","All Commodities","0","false","C00","TOTAL CPC","0 ","0","TOTAL MOT","-1","N/A","0","false","-1","N/A","0","false",,"true",,"false",,"34184357758.1","34184357758.1","0","false","true",
"C","A","20180101","2018","52","2018","643","RUS","Russian Federation","X","Export","360","IDN","Indonesia","0","W00","World","H5","HS","true","TOTAL","All Commodities","0","false","C00","TOTAL CPC","0 ","0","TOTAL MOT","-1","N/A","0","false","-1","N/A","0","false",,"true",,"false",,"868087425.75","868087425.75","0","false","true",
"C","A","20180101","2018","52","2018","643","RUS","Russian Federation","X","Export","380","ITA","Italy","0","W00","World","H5","HS","true","TOTAL","All Commodities","0","false","C00","TOTAL CPC","0 ","0","TOTAL MOT","-1","N/A","0","false","-1","N/A","0","false",,"true",,"false",,"16400963508.06","16400963508.06","0","false","true",
"C","A","20180101","2018","52","2018","643","RUS","Russian Federation","X","Export","392","JPN","Japan","0","W00","World","H5","HS","true","TOTAL","All Commodities","0","false","C00","TOTAL CPC","0 ","0","TOTAL MOT","-1","N/A","0","false","-1","N/A","0","false",,"true",,"false",,"12440341530.05","12440341530.05","0","false","true",
"C","A","20180101","2018","52","2018","643","RUS","Russian Federation","X","Export","410","KOR","Rep. of Korea","0","W00","World","H5","HS","true","TOTAL","All Commodities","0","false","C00","TOTAL CPC","0 ","0","TOTAL MOT","-1","N/A","0","false","-1","N/A","0","false",,"true",,"false",,"17824997468.61","17824997468.61","0","false","true",
"C","A","20180101","2018","52","2018","643","RUS","Russian Federation","X","Export","484","MEX","Mexico","0","W00","World","H5","HS","true","TOTAL","All Commodities","0","false","C00","TOTAL CPC","0 ","0","TOTAL MOT","-1","N/A","0","false","-1","N/A","0","false",,"true",,"false",,"2003659215.34","2003659215.34","0","false","true",
"C","A","20180101","2018","52","2018","643","RUS","Russian Federation","X","Export","682","SAU","Saudi Arabia","0","W00","World","H5","HS","true","TOTAL","All Commodities","0","false","C00","TOTAL CPC","0 ","0","TOTAL MOT","-1","N/A","0","false","-1","N/A","0","false",,"true",,"false",,"762729122.5","762729122.5","0","false","true",
"C","A","20180101","2018","52","2018","643","RUS","Russian Federation","X","Export","699","IND","India","0","W00","World","H5","HS","true","TOTAL","All Commodities","0","false","C00","TOTAL CPC","0 ","0","TOTAL MOT","-1","N/A","0","false","-1","N/A","0","false",,"true",,"false",,"7751475129.29","7751475129.29","0","false","true",
"C","A","20180101","2018","52","2018","643","RUS","Russian Federation","X","Export","710","ZAF","South Africa","0","W00","World","H5","HS","true","TOTAL","All Commodities","0","false","C00","TOTAL CPC","0 ","0","TOTAL MOT","-1","N/A","0","false","-1","N/A","0","false",,"true",,"false",,"285742174.98","285742174.98","0","false","true",
"C","A","20180101","2018","52","2018","643","RUS","Russian Federation","X","Export","792","TUR","Türkiye","0","W00","World","H5","HS","true","TOTAL","All Commodities","0","false","C00","TOTAL CPC","0 ","0","TOTAL MOT","-1","N/A","0","false","-1","N/A","0","false",,"true",,"false",,"21312068617.92","21312068617.92","0","false","true",
"C","A","20180101","2018","52","2018","643","RUS","Russian Federation","X","Export","826","GBR","United Kingdom","0","W00","World","H5","HS","true","TOTAL","All Commodities","0","false","C00","TOTAL CPC","0 ","0","TOTAL MOT","-1","N/A","0","false","-1","N/A","0","false",,"true",,"false",,"9769720566.7","9769720566.7","0","false","true",
"C","A","20180101","2018","52","2018","643","RUS","Russian Federation","X","Export","842","USA","USA","0","W00","World","H5","HS","true","TOTAL","All Commodities","0","false","C00","TOTAL CPC","0 ","0","TOTAL MOT","-1","N/A","0","false","-1","N/A","0","false",,"true",,"false",,"12569089285.64","12569089285.64","0","false","true",
"C","A","20180101","2018","52","2018","682","SAU","Saudi Arabia","X","Export","32","ARG","Argentina","0","W00","World","H4","HS","true","TOTAL","All Commodities","0","false","C00","TOTAL CPC","0","0","TOTAL MOT","-1","N/A","0","false","-1","N/A","0","false","0","true","0","false",,"114837287.955","114837287.955","4","false","true",
"C","A","20180101","2018","52","2018","682","SAU","Saudi Arabia","X","Export","36","AUS","Australia","0","W00","World","H4","HS","true","TOTAL","All Commodities","0","false","C00","TOTAL CPC","0","0","TOTAL MOT","-1","N/A","0","false","-1","N/A","0","false","0","true","0","false",,"370223285.211","370223285.211","4","false","true",
"C","A","20180101","2018","52","2018","682","SAU","Saudi Arabia","X","Export","76","BRA","Brazil","0","W00","World","H4","HS","true","TOTAL","All Commodities","0","false","C00","TOTAL CPC","0","0","TOTAL MOT","-1","N/A","0","false","-1","N/A","0","false","0","true","0","false",,"613212012.118","613212012.118","4","false","true",
"C","A","20180101","2018","52","2018","682","SAU","Saudi Arabia","X","Export","124","CAN","Canada","0","W00","World","H4","HS","true","TOTAL","All Commodities","0","false","C00","TOTAL CPC","0","0","TOTAL MOT","-1","N/A","0","false","-1","N/A","0","false","0","true","0","false",,"148001675.3","148001675.3","4","false","true",
"C","A","20180101","2018","52","2018","682","SAU","Saudi Arabia","X","Export","156","CHN","China","0","W00","World","H4","HS","true","TOTAL","All Commodities","0","false","C00","TOTAL CPC","0","0","TOTAL MOT","-1","N/A","0","false","-1","N/A","0","false","0","true","0","false",,"9697024844.661","9697024844.661","4","false","true",
"C","A","20180101","2018","52","2018","682","SAU","Saudi Arabia","X","Export","251","FRA","France","0","W00","World","H4","HS","true","TOTAL","All Commodities","0","false","C00","TOTAL CPC","0","0","TOTAL MOT","-1","N/A","0","false","-1","N/A","0","false","0","true","0","false",,"449241713.222","449241713.222","4","false","true",
"C","A","20180101","2018","52","2018","682","SAU","Saudi Arabia","X","Export","276","DEU","Germany","0","W00","World","H4","HS","true","TOTAL","All Commodities","0","false","C00","TOTAL CPC","0","0","TOTAL MOT","-1","N/A","0","false","-1","N/A","0","false","0","true","0","false",,"315383884.756","315383884.756","4","false","true",
"C","A","20180101","2018","52","2018","682","SAU","Saudi Arabia","X","Export","360","IDN","Indonesia","0","W00","World","H4","HS","true","TOTAL","All Commodities","0","false","C00","TOTAL CPC","0","0","TOTAL MOT","-1","N/A","0","false","-1","N/A","0","false","0","true","0","false",,"621469871.817","621469871.817","4","false","true",
"C","A","20180101","2018","52","2018","682","SAU","Saudi Arabia","X","Export","380","ITA","Italy","0","W00","World","H4","HS","true","TOTAL","All Commodities","0","false","C00","TOTAL CPC","0","0","TOTAL MOT","-1","N/A","0","false","-1","N/A","0","false","0","true","0","false",,"756870494.075","756870494.075","4","false","true",
"C","A","20180101","2018","52","2018","682","SAU","Saudi Arabia","X","Export","392","JPN","Japan","0","W00","World","H4","HS","true","TOTAL","All Commodities","0","false","C00","TOTAL CPC","0","0","TOTAL MOT","-1","N/A","0","false","-1","N/A","0","false","0","true","0","false",,"954184388.073","954184388.073","4","false","true",
"C","A","20180101","2018","52","2018","682","SAU","Saudi Arabia","X","Export","410","KOR","Rep. of Korea","0","W00","World","H4","HS","true","TOTAL","All Commodities","0","false","C00","TOTAL CPC","0","0","TOTAL MOT","-1","N/A","0","false","-1","N/A","0","false","0","true","0","false",,"1219445595.097","1219445595.097","4","false","true",
"C","A","20180101","2018","52","2018","682","SAU","Saudi Arabia","X","Export","484","MEX","Mexico","0","W00","World","H4","HS","true","TOTAL","All Commodities","0","false","C00","TOTAL CPC","0","0","TOTAL MOT","-1","N/A","0","false","-1","N/A","0","false","0","true","0","false",,"39564618.546","39564618.546","4","false","true",
"C","A","20180101","2018","52","2018","682","SAU","Saudi Arabia","X","Export","643","RUS","Russian Federation","0","W00","World","H4","HS","true","TOTAL","All Commodities","0","false","C00","TOTAL CPC","0","0","TOTAL MOT","-1","N/A","0","false","-1","N/A","0","false","0","true","0","false",,"32407354.184","32407354.184","4","false","true",
"C","A","20180101","2018","52","2018","682","SAU","Saudi Arabia","X","Export","699","IND","India","0","W00","World","H4","HS","true","TOTAL","All Commodities","0","false","C00","TOTAL CPC","0","0","TOTAL MOT","-1","N/A","0","false","-1","N/A","0","false","0","true","0","false",,"3522027501.32","3522027501.32","4","false","true",
"C","A","20180101","2018","52","2018","682","SAU","Saudi Arabia","X","Export","710","ZAF","South Africa","0","W00","World","H4","HS","true","TOTAL","All Commodities","0","false","C00","TOTAL CPC","0","0","TOTAL MOT","-1","N/A","0","false","-1","N/A","0","false","0","true","0","false",,"628612431.11","628612431.11","4","false","true",
"C","A","20180101","2018","52","2018","682","SAU","Saudi Arabia","X","Export","792","TUR","Türkiye","0","W00","World","H4","HS","true","TOTAL","All Commodities","0","false","C00","TOTAL CPC","0","0","TOTAL MOT","-1","N/A","0","false","-1","N/A","0","false","0","true","0","false",,"2300577882.239","2300577882.239","4","false","true",
"C","A","20180101","2018","52","2018","682","SAU","Saudi Arabia","X","Export","826","GBR","United Kingdom","0","W00","World","H4","HS","true","TOTAL","All Commodities","0","false","C00","TOTAL CPC","0","0","TOTAL MOT","-1","N/A","0","false","-1","N/A","0","false","0","true","0","false",,"718912144.531","718912144.531","4","false","true",
"C","A","20180101","2018","52","2018","682","SAU","Saudi Arabia","X","Export","842","USA","USA","0","W00","World","H4","HS","true","TOTAL","All Commodities","0","false","C00","TOTAL CPC","0","0","TOTAL MOT","-1","N/A","0","false","-1","N/A","0","false","0","true","0","false",,"1962336660.759","1962336660.759","4","false","true",
"C","A","20180101","2018","52","2018","699","IND","India","X","Export","32","ARG","Argentina","0","W00","World","H5","HS","true","TOTAL","All Commodities","0","false","C00","TOTAL CPC","0 ","0","TOTAL MOT","-1","N/A","0","false","-1","N/A","0","false",,"true",,"false",,"626073937.954","626073937.954","0","false","true",
"C","A","20180101","2018","52","2018","699","IND","India","X","Export","36","AUS","Australia","0","W00","World","H5","HS","true","TOTAL","All Commodities","0","false","C00","TOTAL CPC","0 ","0","TOTAL MOT","-1","N/A","0","false","-1","N/A","0","false",,"true",,"false",,"3734041280.603","3734041280.603","0","false","true",
"C","A","20180101","2018","52","2018","699","IND","India","X","Export","76","BRA","Brazil","0","W00","World","H5","HS","true","TOTAL","All Commodities","0","false","C00","TOTAL CPC","0 ","0","TOTAL MOT","-1","N/A","0","false","-1","N/A","0","false",,"true",,"false",,"3579185163.783","3579185163.783","0","false","true",
"C","A","20180101","2018","52","2018","699","IND","India","X","Export","124","CAN","Canada","0","W00","World","H5","HS","true","TOTAL","All Commodities","0","false","C00","TOTAL CPC","0 ","0","TOTAL MOT","-1","N/A","0","false","-1","N/A","0","false",,"true",,"false",,"2792800777.083","2792800777.083","0","false","true",
"C","A","20180101","2018","52","2018","699","IND","India","X","Export","156","CHN","China","0","W00","World","H5","HS","true","TOTAL","All Commodities","0","false","C00","TOTAL CPC","0 ","0","TOTAL MOT","-1","N/A","0","false","-1","N/A","0","false",,"true",,"false",,"16375997269.733","16375997269.733","0","false","true",
"C","A","20180101","2018","52","2018","699","IND","India","X","Export","251","FRA","France","0","W00","World","H5","HS","true","TOTAL","All Commodities","0","false","C00","TOTAL CPC","0 ","0","TOTAL MOT","-1","N/A","0","false","-1","N/A","0","false",,"true",,"false",,"5278759740.867","5278759740.867","0","false","true",
"C","A","20180101","2018","52","2018","699","IND","India","X","Export","276","DEU","Germany","0","W00","World","H5","HS","true","TOTAL","All Commodities","0","false","C00","TOTAL CPC","0 ","0","TOTAL MOT","-1","N/A","0","false","-1","N/A","0","false",,"true",,"false",,"8953583617.833","8953583617.833","0","false","true",
"C","A","20180101","2018","52","2018","699","IND","India","X","Export","360","IDN","Indonesia","0","W00","World","H5","HS","true","TOTAL","All Commodities","0","false","C00","TOTAL CPC","0 ","0","TOTAL MOT","-1","N/A","0","false","-1","N/A","0","false",,"true",,"false",,"4792578795.312","4792578795.312","0","false","true",
"C","A","20180101","2018","52","2018","699","IND","India","X","Export","380","ITA","Italy","0","W00","World","H5","HS","true","TOTAL","All Commodities","0","false","C00","TOTAL CPC","0 ","0","TOTAL MOT","-1","N/A","0","false","-1","N/A","0","false",,"true",,"false",,"5521664668.245","5521664668.245","0","false","true",
"C","A","20180101","2018","52","2018","699","IND","India","X","Export","392","JPN","Japan","0","W00","World","H5","HS","true","TOTAL","All Commodities","0","false","C00","TOTAL CPC","0 ","0","TOTAL MOT","-1","N/A","0","false","-1","N/A","0","false",,"true",,"false",,"4741093789.425","4741093789.425","0","false","true",
"C","A","20180101","2018","52","2018","699","IND","India","X","Export","410","KOR","Rep. of Korea","0","W00","World","H5","HS","true","TOTAL","All Commodities","0","false","C00","TOTAL CPC","0 ","0","TOTAL MOT","-1","N/A","0","false","-1","N/A","0","false",,"true",,"false",,"4807484007.735","4807484007.735","0","false","true",
"C","A","20180101","2018","52","2018","699","IND","India","X","Export","484","MEX","Mexico","0","W00","World","H5","HS","true","TOTAL","All Commodities","0","false","C00","TOTAL CPC","0 ","0","TOTAL MOT","-1","N/A","0","false","-1","N/A","0","false",,"true",,"false",,"3831968420.135","3831968420.135","0","false","true",
"C","A","20180101","2018","52","2018","699","IND","India","X","Export","643","RUS","Russian Federation","0","W00","World","H5","HS","true","TOTAL","All Commodities","0","false","C00","TOTAL CPC","0 ","0","TOTAL MOT","-1","N/A","0","false","-1","N/A","0","false",,"true",,"false",,"2334070585.81","2334070585.81","0","false","true",
"C","A","20180101","2018","52","2018","699","IND","India","X","Export","682","SAU","Saudi Arabia","0","W00","World","H5","HS","true","TOTAL","All Commodities","0","false","C00","TOTAL CPC","0 ","0","TOTAL MOT","-1","N/A","0","false","-1","N/A","0","false",,"true",,"false",,"5490321520.174","5490321520.174","0","false","true",
"C","A","20180101","2018","52","2018","699","IND","India","X","Export","710","ZAF","South Africa","0","W00","World","H5","HS","true","TOTAL","All Commodities","0","false","C00","TOTAL CPC","0 ","0","TOTAL MOT","-1","N/A","0","false","-1","N/A","0","false",,"true",,"false",,"4019431901.599","4019431901.599","0","false","true",
"C","A","20180101","2018","52","2018","699","IND","India","X","Export","792","TUR","Türkiye","0","W00","World","H5","HS","true","TOTAL","All Commodities","0","false","C00","TOTAL CPC","0 ","0","TOTAL MOT","-1","N/A","0","false","-1","N/A","0","false",,"true",,"false",,"5192201728.533","5192201728.533","0","false","true",
"C","A","20180101","2018","52","2018","699","IND","India","X","Export","826","GBR","United Kingdom","0","W00","World","H5","HS","true","TOTAL","All Commodities","0","false","C00","TOTAL CPC","0 ","0","TOTAL MOT","-1","N/A","0","false","-1","N/A","0","false",,"true",,"false",,"9747045631.146","9747045631.146","0","false","true",
"C","A","20180101","2018","52","2018","699","IND","India","X","Export","842","USA","USA","0","W00","World","H5","HS","true","TOTAL","All Commodities","0","false","C00","TOTAL CPC","0 ","0","TOTAL MOT","-1","N/A","0","false","-1","N/A","0","false",,"true",,"false",,"51660710980.378","51660710980.378","0","false","true",
"C","A","20180101","2018","52","2018","710","ZAF","South Africa","X","Export","32","ARG","Argentina","0","W00","World","H5","HS","true","TOTAL","All Commodities","0","false","C00","TOTAL CPC","0","0","TOTAL MOT","-1","N/A","0","false","-1","N/A","0","false","0","true","0","false","0","189533655.963","189533655.963","4","false","true",
"C","A","20180101","2018","52","2018","710","ZAF","South Africa","X","Export","36","AUS","Australia","0","W00","World","H5","HS","true","TOTAL","All Commodities","0","false","C00","TOTAL CPC","0","0","TOTAL MOT","-1","N/A","0","false","-1","N/A","0","false","0","true","0","false","0","863303472.56","863303472.56","4","false","true",
"C","A","20180101","2018","52","2018","710","ZAF","South Africa","X","Export","76","BRA","Brazil","0","W00","World","H5","HS","true","TOTAL","All Commodities","0","false","C00","TOTAL CPC","0","0","TOTAL MOT","-1","N/A","0","false","-1","N/A","0","false","0","true","0","false","0","462529392.281","462529392.281","4","false","true",
"C","A","20180101","2018","52","2018","710","ZAF","South Africa","X","Export","124","CAN","Canada","0","W00","World","H5","HS","true","TOTAL","All Commodities","0","false","C00","TOTAL CPC","0","0","TOTAL MOT","-1","N/A","0","false","-1","N/A","0","false","0","true","0","false","0","336184181.245","336184181.245","4","false","true",
"C","A","20180101","2018","52","2018","710","ZAF","South Africa","X","Export","156","CHN","China","0","W00","World","H5","HS","true","TOTAL","All Commodities","0","false","C00","TOTAL CPC","0","0","TOTAL MOT","-1","N/A","0","false","-1","N/A","0","false","0","true","0","false","0","8551593263.194","8551593263.194","4","false","true",
"C","A","20180101","2018","52","2018","710","ZAF","South Africa","X","Export","251","FRA","France","0","W00","World","H5","HS","true","TOTAL","All Commodities","0","false","C00","TOTAL CPC","0","0","TOTAL MOT","-1","N/A","0","false","-1","N/A","0","false","0","true","0","false","0","799027252.948","799027252.948","4","false","true",
"C","A","20180101","2018","52","2018","710","ZAF","South Africa","X","Export","276","DEU","Germany","0","W00","World","H5","HS","true","TOTAL","All Commodities","0","false","C00","TOTAL CPC","0","0","TOTAL MOT","-1","N/A","0","false","-1","N/A","0","false","0","true","0","false","0","6697628263.922","6697628263.922","4","false","true",
"C","A","20180101","2018","52","2018","710","ZAF","South Africa","X","Export","360","IDN","Indonesia","0","W00","World","H5","HS","true","TOTAL","All Commodities","0","false","C00","TOTAL CPC","0","0","TOTAL MOT","-1","N/A","0","false","-1","N/A","0","false","0","true","0","false","0","791140989.127","791140989.127","4","false","true",
"C","A","20180101","2018","52","2018","710","ZAF","South Africa","X","Export","380","ITA","Italy","0","W00","World","H5","HS","true","TOTAL","All Commodities","0","false","C00","TOTAL CPC","0","0","TOTAL MOT","-1","N/A","0","false","-1","N/A","0","false","0","true","0","false","0","949898856.322","949898856.322","4","false","true",
"C","A","20180101","2018","52","2018","710","ZAF","South Africa","X","Export","392","JPN","Japan","0","W00","World","H5","HS","true","TOTAL","All Commodities","0","false","C00","TOTAL CPC","0","0","TOTAL MOT","-1","N/A","0","false","-1","N/A","0","false","0","true","0","false","0","4476375075.035","4476375075.035","4","false","true",
"C","A","20180101","2018","52","2018","710","ZAF","South Africa","X","Export","410","KOR","Rep. of Korea","0","W00","World","H5","HS","true","TOTAL","All Commodities","0","false","C00","TOTAL CPC","0","0","TOTAL MOT","-1","N/A","0","false","-1","N/A","0","false","0","true","0","false","0","1897995856.788","1897995856.788","4","false","true",
"C","A","20180101","2018","52","2018","710","ZAF","South Africa","X","Export","484","MEX","Mexico","0","W00","World","H5","HS","true","TOTAL","All Commodities","0","false","C00","TOTAL CPC","0","0","TOTAL MOT","-1","N/A","0","false","-1","N/A","0","false","0","true","0","false","0","284862212.501","284862212.501","4","false","true",
"C","A","20180101","2018","52","2018","710","ZAF","South Africa","X","Export","643","RUS","Russian Federation","0","W00","World","H5","HS","true","TOTAL","All Commodities","0","false","C00","TOTAL CPC","0","0","TOTAL MOT","-1","N/A","0","false","-1","N/A","0","false","0","true","0","false","0","403404817.189","403404817.189","4","false","true",
"C","A","20180101","2018","52","2018","710","ZAF","South Africa","X","Export","682","SAU","Saudi Arabia","0","W00","World","H5","HS","true","TOTAL","All Commodities","0","false","C00","TOTAL CPC","0","0","TOTAL MOT","-1","N/A","0","false","-1","N/A","0","false","0","true","0","false","0","422958682.104","422958682.104","4","false","true",
"C","A","20180101","2018","52","2018","710","ZAF","South Africa","X","Export","699","IND","India","0","W00","World","H5","HS","true","TOTAL","All Commodities","0","false","C00","TOTAL CPC","0","0","TOTAL MOT","-1","N/A","0","false","-1","N/A","0","false","0","true","0","false","0","4501800421.222","4501800421.222","4","false","true",
"C","A","20180101","2018","52","2018","710","ZAF","South Africa","X","Export","792","TUR","Türkiye","0","W00","World","H5","HS","true","TOTAL","All Commodities","0","false","C00","TOTAL CPC","0","0","TOTAL MOT","-1","N/A","0","false","-1","N/A","0","false","0","true","0","false","0","507812525.651","507812525.651","4","false","true",
"C","A","20180101","2018","52","2018","710","ZAF","South Africa","X","Export","826","GBR","United Kingdom","0","W00","World","H5","HS","true","TOTAL","All Commodities","0","false","C00","TOTAL CPC","0","0","TOTAL MOT","-1","N/A","0","false","-1","N/A","0","false","0","true","0","false","0","4810306175.98","4810306175.98","4","false","true",
"C","A","20180101","2018","52","2018","710","ZAF","South Africa","X","Export","842","USA","USA","0","W00","World","H5","HS","true","TOTAL","All Commodities","0","false","C00","TOTAL CPC","0","0","TOTAL MOT","-1","N/A","0","false","-1","N/A","0","false","0","true","0","false","0","6359862809.162","6359862809.162","4","false","true",
"C","A","20180101","2018","52","2018","792","TUR","Türkiye","X","Export","32","ARG","Argentina","0","W00","World","H5","HS","true","TOTAL","All Commodities","0","false","C00","TOTAL CPC","0","0","TOTAL MOT","-1","N/A","0","false","-1","N/A","0","false","0","false","0","false","0","193146128","193146128","0","false","true",
"C","A","20180101","2018","52","2018","792","TUR","Türkiye","X","Export","36","AUS","Australia","0","W00","World","H5","HS","true","TOTAL","All Commodities","0","false","C00","TOTAL CPC","0","0","TOTAL MOT","-1","N/A","0","false","-1","N/A","0","false","0","false","0","false","0","704085464","704085464","0","false","true",
"C","A","20180101","2018","52","2018","792","TUR","Türkiye","X","Export","76","BRA","Brazil","0","W00","World","H5","HS","true","TOTAL","All Commodities","0","false","C00","TOTAL CPC","0","0","TOTAL MOT","-1","N/A","0","false","-1","N/A","0","false","0","true","0","false","0","507741488","507741488","4","false","true",
"C","A","20180101","2018","52","2018","792","TUR","Türkiye","X","Export","124","CAN","Canada","0","W00","World","H5","HS","true","TOTAL","All Commodities","0","false","C00","TOTAL CPC","0","0","TOTAL MOT","-1","N/A","0","false","-1","N/A","0","false","0","false","0","false","0","1338675082","1338675082","0","false","true",
"C","A","20180101","2018","52","2018","792","TUR","Türkiye","X","Export","156","CHN","China","0","W00","World","H5","HS","true","TOTAL","All Commodities","0","false","C00","TOTAL CPC","0","0","TOTAL MOT","-1","N/A","0","false","-1","N/A","0","false","0","true","0","false","0","3078644213","3078644213","4","false","true",
"C","A","20180101","2018","52","2018","792","TUR","Türkiye","X","Export","251","FRA","France","0","W00","World","H5","HS","true","TOTAL","All Commodities","0","false","C00","TOTAL CPC","0","0","TOTAL MOT","-1","N/A","0","false","-1","N/A","0","false","0","true","0","false","0","7662143088","7662143088","4","false","true",
"C","A","20180101","2018","52","2018","792","TUR","Türkiye","X","Export","276","DEU","Germany","0","W00","World","H5","HS","true","TOTAL","All Commodities","0","false","C00","TOTAL CPC","0","0","TOTAL MOT","-1","N/A","0","false","-1","N/A","0","false","0","true","0","false","0","17353443488","17353443488","4","false","true",
"C","A","20180101","2018","52","2018","792","TUR","Türkiye","X","Export","360","IDN","Indonesia","0","W00","World","H5","HS","true","TOTAL","All Commodities","0","false","C00","TOTAL CPC","0","0","TOTAL MOT","-1","N/A","0","false","-1","N/A","0","false","0","false","0","false","0","286302754","286302754","0","false","true",
"C","A","20180101","2018","52","2018","792","TUR","Türkiye","X","Export","380","ITA","Italy","0","W00","World","H5","HS","true","TOTAL","All Commodities","0","false","C00","TOTAL CPC","0","0","TOTAL MOT","-1","N/A","0","false","-1","N/A","0","false","0","true","0","false","0","10047452617","10047452617","4","false","true",
"C","A","20180101","2018","52","2018","792","TUR","Türkiye","X","Export","392","JPN","Japan","0","W00","World","H5","HS","true","TOTAL","All Commodities","0","false","C00","TOTAL CPC","0","0","TOTAL MOT","-1","N/A","0","false","-1","N/A","0","false","0","false","0","false","0","493789677","493789677","0","false","true",
"C","A","20180101","2018","52","2018","792","TUR","Türkiye","X","Export","410","KOR","Rep. of Korea","0","W00","World","H5","HS","true","TOTAL","All Commodities","0","false","C00","TOTAL CPC","0","0","TOTAL MOT","-1","N/A","0","false","-1","N/A","0","false","0","false","0","false","0","982485400","982485400","0","false","true",
"C","A","20180101","2018","52","2018","792","TUR","Türkiye","X","Export","484","MEX","Mexico","0","W00","World","H5","HS","true","TOTAL","All Commodities","0","false","C00","TOTAL CPC","0","0","TOTAL MOT","-1","N/A","0","false","-1","N/A","0","false","0","true","0","false","0","652286855","652286855","4","false","true",
"C","A","20180101","2018","52","2018","792","TUR","Türkiye","X","Export","643","RUS","Russian Federation","0","W00","World","H5","HS","true","TOTAL","All Commodities","0","false","C00","TOTAL CPC","0","0","TOTAL MOT","-1","N/A","0","false","-1","N/A","0","false","0","true","0","false","0","3652603351","3652603351","4","false","true",
"C","A","20180101","2018","52","2018","792","TUR","Türkiye","X","Export","682","SAU","Saudi Arabia","0","W00","World","H5","HS","true","TOTAL","All Commodities","0","false","C00","TOTAL CPC","0","0","TOTAL MOT","-1","N/A","0","false","-1","N/A","0","false","0","true","0","false","0","2766393997","2766393997","4","false","true",
"C","A","20180101","2018","52","2018","792","TUR","Türkiye","X","Export","699","IND","India","0","W00","World","H5","HS","true","TOTAL","All Commodities","0","false","C00","TOTAL CPC","0","0","TOTAL MOT","-1","N/A","0","false","-1","N/A","0","false","0","false","0","false","0","1182204996","1182204996","0","false","true",
"C","A","20180101","2018","52","2018","792","TUR","Türkiye","X","Export","710","ZAF","South Africa","0","W00","World","H5","HS","true","TOTAL","All Commodities","0","false","C00","TOTAL CPC","0","0","TOTAL MOT","-1","N/A","0","false","-1","N/A","0","false","0","true","0","false","0","554241655","554241655","4","false","true",
"C","A","20180101","2018","52","2018","792","TUR","Türkiye","X","Export","826","GBR","United Kingdom","0","W00","World","H5","HS","true","TOTAL","All Commodities","0","false","C00","TOTAL CPC","0","0","TOTAL MOT","-1","N/A","0","false","-1","N/A","0","false","0","true","0","false","0","11473927051","11473927051","4","false","true",
"C","A","20180101","2018","52","2018","792","TUR","Türkiye","X","Export","842","USA","USA","0","W00","World","H5","HS","true","TOTAL","All Commodities","0","false","C00","TOTAL CPC","0","0","TOTAL MOT","-1","N/A","0","false","-1","N/A","0","false","0","true","0","false","0","9074826061","9074826061","4","false","true",
"C","A","20180101","2018","52","2018","826","GBR","United Kingdom","X","Export","32","ARG","Argentina","0","W00","World","H5","HS","true","TOTAL","All Commodities","0","false","C00","TOTAL CPC","0 ","0","TOTAL MOT","-1","N/A","0","false","-1","N/A","0","false","0","true","0","false",,"489393106.631","489393106.631","0","false","true",
"C","A","20180101","2018","52","2018","826","GBR","United Kingdom","X","Export","36","AUS","Australia","0","W00","World","H5","HS","true","TOTAL","All Commodities","0","false","C00","TOTAL CPC","0 ","0","TOTAL MOT","-1","N/A","0","false","-1","N/A","0","false","0","true","0","false",,"5896659437.516","5896659437.516","0","false","true",
"C","A","20180101","2018","52","2018","826","GBR","United Kingdom","X","Export","76","BRA","Brazil","0","W00","World","H5","HS","true","TOTAL","All Commodities","0","false","C00","TOTAL CPC","0 ","0","TOTAL MOT","-1","N/A","0","false","-1","N/A","0","false","0","true","0","false",,"2551447114.572","2551447114.572","0","false","true",
"C","A","20180101","2018","52","2018","826","GBR","United Kingdom","X","Export","124","CAN","Canada","0","W00","World","H5","HS","true","TOTAL","All Commodities","0","false","C00","TOTAL CPC","0 ","0","TOTAL MOT","-1","N/A","0","false","-1","N/A","0","false","0","true","0","false",,"7308090708.134","7308090708.134","0","false","true",
"C","A","20180101","2018","52","2018","826","GBR","United Kingdom","X","Export","156","CHN","China","0","W00","World","H5","HS","true","TOTAL","All Commodities","0","false","C00","TOTAL CPC","0 ","0","TOTAL MOT","-1","N/A","0","false","-1","N/A","0","false","0","true","0","false",,"27701867661.407","27701867661.407","0","false","true",
"C","A","20180101","2018","52","2018","826","GBR","United Kingdom","X","Export","251","FRA","France","0","W00","World","H5","HS","true","TOTAL","All Commodities","0","false","C00","TOTAL CPC","0 ","0","TOTAL MOT","-1","N/A","0","false","-1","N/A","0","false","0","true","0","false",,"32081598972.115","32081598972.115","0","false","true",
"C","A","20180101","2018","52","2018","826","GBR","United Kingdom","X","Export","276","DEU","Germany","0","W00","World","H5","HS","true","TOTAL","All Commodities","0","false","C00","TOTAL CPC","0 ","0","TOTAL MOT","-1","N/A","0","false","-1","N/A","0","false","0","true","0","false",,"47510719903.004","47510719903.004","0","false","true",
"C","A","20180101","2018","52","2018","826","GBR","United Kingdom","X","Export","360","IDN","Indonesia","0","W00","World","H5","HS","true","TOTAL","All Commodities","0","false","C00","TOTAL CPC","0 ","0","TOTAL MOT","-1","N/A","0","false","-1","N/A","0","false","0","true","0","false",,"936118175.813","936118175.813","0","false","true",
"C","A","20180101","2018","52","2018","826","GBR","United Kingdom","X","Export","380","ITA","Italy","0","W00","World","H5","HS","true","TOTAL","All Commodities","0","false","C00","TOTAL CPC","0 ","0","TOTAL MOT","-1","N/A","0","false","-1","N/A","0","false","0","true","0","false",,"13966538953.539","13966538953.539","0","false","true",
"C","A","20180101","2018","52","2018","826","GBR","United Kingdom","X","Export","392","JPN","Japan","0","W00","World","H5","HS","true","TOTAL","All Commodities","0","false","C00","TOTAL CPC","0 ","0","TOTAL MOT","-1","N/A","0","false","-1","N/A","0","false","0","true","0","false",,"8380559919.085","8380559919.085","0","false","true",
"C","A","20180101","2018","52","2018","826","GBR","United Kingdom","X","Export","410","KOR","Rep. of Korea","0","W00","World","H5","HS","true","TOTAL","All Commodities","0","false","C00","TOTAL CPC","0 ","0","TOTAL MOT","-1","N/A","0","false","-1","N/A","0","false","0","true","0","false",,"7794535256.772","7794535256.772","0","false","true",
"C","A","20180101","2018","52","2018","826","GBR","United Kingdom","X","Export","484","MEX","Mexico","0","W00","World","H5","HS","true","TOTAL","All Commodities","0","false","C00","TOTAL CPC","0 ","0","TOTAL MOT","-1","N/A","0","false","-1","N/A","0","false","0","true","0","false",,"2015326176.91","2015326176.91","0","false","true",
"C","A","20180101","2018","52","2018","826","GBR","United Kingdom","X","Export","643","RUS","Russian Federation","0","W00","World","H5","HS","true","TOTAL","All Commodities","0","false","C00","TOTAL CPC","0 ","0","TOTAL MOT","-1","N/A","0","false","-1","N/A","0","false","0","true","0","false",,"3315035291.964","3315035291.964","0","false","true",
"C","A","20180101","2018","52","2018","826","GBR","United Kingdom","X","Export","682","SAU","Saudi Arabia","0","W00","World","H5","HS","true","TOTAL","All Commodities","0","false","C00","TOTAL CPC","0 ","0","TOTAL MOT","-1","N/A","0","false","-1","N/A","0","false","0","true","0","false",,"4905993103.024","4905993103.024","0","false","true",
"C","A","20180101","2018","52","2018","826","GBR","United Kingdom","X","Export","699","IND","India","0","W00","World","H5","HS","true","TOTAL","All Commodities","0","false","C00","TOTAL CPC","0 ","0","TOTAL MOT","-1","N/A","0","false","-1","N/A","0","false","0","true","0","false",,"6613178745.73","6613178745.73","0","false","true",
"C","A","20180101","2018","52","2018","826","GBR","United Kingdom","X","Export","710","ZAF","South Africa","0","W00","World","H5","HS","true","TOTAL","All Commodities","0","false","C00","TOTAL CPC","0 ","0","TOTAL MOT","-1","N/A","0","false","-1","N/A","0","false","0","true","0","false",,"2774439039.74","2774439039.74","0","false","true",
"C","A","20180101","2018","52","2018","826","GBR","United Kingdom","X","Export","792","TUR","Türkiye","0","W00","World","H5","HS","true","TOTAL","All Commodities","0","false","C00","TOTAL CPC","0 ","0","TOTAL MOT","-1","N/A","0","false","-1","N/A","0","false","0","true","0","false",,"13673567831.02","13673567831.02","0","false","true",
"C","A","20180101","2018","52","2018","826","GBR","United Kingdom","X","Export","842","USA","USA","0","W00","World","H5","HS","true","TOTAL","All Commodities","0","false","C00","TOTAL CPC","0 ","0","TOTAL MOT","-1","N/A","0","false","-1","N/A","0","false","0","true","0","false",,"65985304785.358","65985304785.358","0","false","true",
"C","A","20180101","2018","52","2018","842","USA","USA","X","Export","32","ARG","Argentina","0","W00","World","H5","HS","true","TOTAL","All Commodities","0","false","C00","TOTAL CPC","0","0","TOTAL MOT","-1","N/A","0","false","-1","N/A","0","false","0","true","0","false","0","9927159979","9927159979","4","false","true",
"C","A","20180101","2018","52","2018","842","USA","USA","X","Export","36","AUS","Australia","0","W00","World","H5","HS","true","TOTAL","All Commodities","0","false","C00","TOTAL CPC","0","0","TOTAL MOT","-1","N/A","0","false","-1","N/A","0","false","0","true","0","false","0","25307196138","25307196138","4","false","true",
"C","A","20180101","2018","52","2018","842","USA","USA","X","Export","76","BRA","Brazil","0","W00","World","H5","HS","true","TOTAL","All Commodities","0","false","C00","TOTAL CPC","0","0","TOTAL MOT","-1","N/A","0","false","-1","N/A","0","false","0","true","0","false","0","39559841167","39559841167","4","false","true",
"C","A","20180101","2018","52","2018","842","USA","USA","X","Export","124","CAN","Canada","0","W00","World","H5","HS","true","TOTAL","All Commodities","0","false","C00","TOTAL CPC","0","0","TOTAL MOT","-1","N/A","0","false","-1","N/A","0","false","0","true","0","false","0","299744492536","299744492536","4","false","true",
"C","A","20180101","2018","52","2018","842","USA","USA","X","Export","156","CHN","China","0","W00","World","H5","HS","true","TOTAL","All Commodities","0","false","C00","TOTAL CPC","0","0","TOTAL MOT","-1","N/A","0","false","-1","N/A","0","false","0","true","0","false","0","120147865723","120147865723","4","false","true",
"C","A","20180101","2018","52","2018","842","USA","USA","X","Export","251","FRA","France","0","W00","World","H5","HS","true","TOTAL","All Commodities","0","false","C00","TOTAL CPC","0","0","TOTAL MOT","-1","N/A","0","false","-1","N/A","0","false","0","true","0","false","0","37649477929","37649477929","4","false","true",
"C","A","20180101","2018","52","2018","842","USA","USA","X","Export","276","DEU","Germany","0","W00","World","H5","HS","true","TOTAL","All Commodities","0","false","C00","TOTAL CPC","0","0","TOTAL MOT","-1","N/A","0","false","-1","N/A","0","false","0","true","0","false","0","57332501657","57332501657","4","false","true",
"C","A","20180101","2018","52","2018","842","USA","USA","X","Export","360","IDN","Indonesia","0","W00","World","H5","HS","true","TOTAL","All Commodities","0","false","C00","TOTAL CPC","0","0","TOTAL MOT","-1","N/A","0","false","-1","N/A","0","false","0","true","0","false","0","8171546166","8171546166","4","false","true",
"C","A","20180101","2018","52","2018","842","USA","USA","X","Export","380","ITA","Italy","0","W00","World","H5","HS","true","TOTAL","All Commodities","0","false","C00","TOTAL CPC","0","0","TOTAL MOT","-1","N/A","0","false","-1","N/A","0","false","0","true","0","false","0","22794525714","22794525714","4","false","true",
"C","A","20180101","2018","52","2018","842","USA","USA","X","Export","392","JPN","Japan","0","W00","World","H5","HS","true","TOTAL","All Commodities","0","false","C00","TOTAL CPC","0","0","TOTAL MOT","-1","N/A","0","false","-1","N/A","0","false","0","true","0","false","0","75226085623","75226085623","4","false","true",
"C","A","20180101","2018","52","2018","842","USA","USA","X","Export","410","KOR","Rep. of Korea","0","W00","World","H5","HS","true","TOTAL","All Commodities","0","false","C00","TOTAL CPC","0","0","TOTAL MOT","-1","N/A","0","false","-1","N/A","0","false","0","true","0","false","0","56504532086","56504532086","4","false","true",
"C","A","20180101","2018","52","2018","842","USA","USA","X","Export","484","MEX","Mexico","0","W00","World","H5","HS","true","TOTAL","All Commodities","0","false","C00","TOTAL CPC","0","0","TOTAL MOT","-1","N/A","0","false","-1","N/A","0","false","0","true","0","false","0","265434782525","265434782525","4","false","true",
"C","A","20180101","2018","52","2018","842","USA","USA","X","Export","643","RUS","Russian Federation","0","W00","World","H5","HS","true","TOTAL","All Commodities","0","false","C00","TOTAL CPC","0","0","TOTAL MOT","-1","N/A","0","false","-1","N/A","0","false","0","true","0","false","0","6658955640","6658955640","4","false","true",
"C","A","20180101","2018","52","2018","842","USA","USA","X","Export","682","SAU","Saudi Arabia","0","W00","World","H5","HS","true","TOTAL","All Commodities","0","false","C00","TOTAL CPC","0","0","TOTAL MOT","-1","N/A","0","false","-1","N/A","0","false","0","true","0","false","0","13601305053","13601305053","4","false","true",
"C","A","20180101","2018","52","2018","842","USA","USA","X","Export","699","IND","India","0","W00","World","H5","HS","true","TOTAL","All Commodities","0","false","C00","TOTAL CPC","0","0","TOTAL MOT","-1","N/A","0","false","-1","N/A","0","false","0","true","0","false","0","33502786819","33502786819","4","false","true",
"C","A","20180101","2018","52","2018","842","USA","USA","X","Export","710","ZAF","South Africa","0","W00","World","H5","HS","true","TOTAL","All Commodities","0","false","C00","TOTAL CPC","0","0","TOTAL MOT","-1","N/A","0","false","-1","N/A","0","false","0","true","0","false","0","5517377246","5517377246","4","false","true",
"C","A","20180101","2018","52","2018","842","USA","USA","X","Export","792","TUR","Türkiye","0","W00","World","H5","HS","true","TOTAL","All Commodities","0","false","C00","TOTAL CPC","0","0","TOTAL MOT","-1","N/A","0","false","-1","N/A","0","false","0","true","0","false","0","10261410014","10261410014","4","false","true",
"C","A","20180101","2018","52","2018","842","USA","USA","X","Export","826","GBR","United Kingdom","0","W00","World","H5","HS","true","TOTAL","All Commodities","0","false","C00","TOTAL CPC","0","0","TOTAL MOT","-1","N/A","0","false","-1","N/A","0","false","0","true","0","false","0","66293664453","66293664453","4","false","true",
